Net,train_psnr,valid_psnr
"[1, 6, 5, 0, 0, 4, 4, 1, 2, 0, 3, 0, 7, 7, 0, 2, 7, 7, 7, 3, 6, 2, 5, 4, 5, 1, 3, 3]",35.11529541,34.63467407
"[1, 4, 5, 0, 0, 1, 1, 5, 0, 3, 3, 0, 4, 7, 6, 5, 2, 2, 7, 4, 2, 3, 7, 6, 4, 1, 5, 1]",32.69583893,32.83954239
"[0, 2, 7, 4, 1, 0, 3, 3, 1, 2, 5, 2, 4, 1, 6, 2, 0, 7, 1, 3, 2, 7, 7, 6, 7, 2, 4, 7]",33.95494843,33.44262314
"[1, 3, 0, 6, 2, 0, 0, 4, 1, 0, 3, 7, 3, 6, 3, 6, 3, 3, 5, 2, 4, 5, 0, 1, 2, 2, 5, 2]",35.23601532,33.7193985
"[2, 5, 4, 3, 4, 5, 7, 2, 5, 3, 1, 5, 6, 3, 2, 1, 4, 2, 5, 3, 5, 6, 3, 5, 1, 1, 6, 1]",33.64899063,33.97372055
"[0, 0, 7, 2, 3, 4, 5, 1, 6, 2, 5, 0, 3, 7, 7, 7, 4, 4, 1, 0, 2, 5, 7, 5, 4, 0, 0, 7]",29.64169502,29.30578995
"[4, 5, 3, 4, 5, 0, 3, 5, 0, 5, 4, 0, 7, 0, 2, 4, 6, 4, 2, 7, 7, 4, 7, 7, 1, 1, 3, 5]",33.53838348,30.49398804
"[2, 0, 5, 0, 0, 7, 5, 3, 3, 4, 5, 0, 2, 5, 3, 4, 2, 5, 5, 7, 7, 1, 4, 6, 6, 2, 3, 6]",33.68505096,33.78722382
"[6, 5, 5, 6, 6, 5, 5, 0, 6, 0, 4, 0, 0, 5, 2, 4, 3, 3, 3, 6, 4, 6, 4, 1, 2, 5, 1, 7]",30.07879257,29.21022224
"[1, 3, 4, 3, 1, 7, 0, 7, 4, 6, 0, 6, 0, 5, 5, 3, 5, 2, 6, 6, 3, 4, 5, 6, 7, 6, 4, 7]",34.28529739,33.64081955
"[0, 4, 4, 2, 4, 1, 4, 4, 4, 6, 2, 1, 4, 1, 4, 2, 4, 6, 6, 0, 3, 4, 7, 1, 3, 7, 3, 4]",34.66999054,34.12487793
"[3, 1, 6, 5, 3, 7, 7, 1, 6, 1, 6, 5, 0, 1, 0, 3, 2, 2, 7, 4, 4, 6, 3, 4, 7, 1, 5, 4]",inf,27.68263245
"[7, 6, 1, 7, 7, 2, 6, 1, 6, 1, 5, 1, 0, 2, 1, 1, 5, 4, 6, 6, 7, 6, 1, 1, 7, 3, 5, 2]",33.33230209,33.27153015
"[6, 5, 1, 1, 5, 0, 1, 3, 3, 4, 0, 3, 2, 6, 5, 7, 1, 3, 1, 1, 6, 3, 3, 3, 7, 0, 2, 4]",32.26086426,32.59134293
"[2, 3, 1, 2, 7, 7, 2, 4, 6, 6, 2, 6, 6, 5, 1, 0, 0, 6, 3, 1, 4, 4, 1, 4, 3, 2, 5, 0]",inf,30.80637741
"[3, 1, 1, 2, 3, 6, 5, 2, 1, 6, 7, 2, 1, 3, 6, 5, 5, 7, 0, 6, 5, 1, 4, 2, 2, 3, 7, 4]",33.51988983,32.1004715
"[3, 5, 4, 2, 6, 7, 5, 2, 7, 4, 7, 6, 3, 6, 0, 7, 4, 7, 7, 0, 2, 3, 2, 1, 0, 1, 0, 2]",29.68370819,28.35330963
"[4, 7, 0, 5, 0, 7, 7, 7, 4, 2, 2, 4, 4, 0, 5, 3, 6, 7, 4, 4, 4, 7, 1, 7, 7, 1, 0, 1]",34.12874222,33.75520325
"[7, 6, 6, 4, 7, 2, 0, 7, 4, 4, 1, 3, 1, 3, 1, 1, 4, 3, 4, 7, 5, 2, 1, 5, 3, 1, 5, 0]",35.5298233,34.65341187
"[4, 0, 5, 0, 7, 2, 1, 4, 6, 3, 7, 6, 4, 0, 0, 3, 4, 5, 3, 6, 6, 4, 4, 6, 7, 2, 5, 0]",33.59920883,33.08845139
"[1, 7, 5, 1, 3, 4, 5, 7, 1, 3, 5, 6, 2, 2, 0, 2, 0, 7, 4, 1, 1, 4, 6, 0, 2, 2, 6, 5]",35.22927094,34.13588333
"[4, 3, 7, 0, 6, 2, 1, 0, 7, 0, 5, 4, 0, 0, 0, 0, 1, 0, 5, 7, 6, 1, 5, 7, 0, 2, 6, 1]",34.80437469,34.09289169
"[6, 6, 4, 1, 6, 2, 3, 7, 4, 0, 3, 5, 0, 4, 0, 3, 5, 6, 6, 2, 1, 5, 2, 2, 2, 2, 7, 0]",34.57606506,33.59869385
"[0, 5, 0, 6, 4, 7, 7, 3, 3, 6, 0, 3, 3, 7, 4, 0, 1, 5, 5, 5, 3, 7, 5, 5, 0, 3, 7, 2]",29.38762283,28.24048233
"[7, 4, 7, 5, 5, 2, 3, 7, 4, 3, 6, 2, 2, 5, 7, 4, 6, 5, 5, 5, 2, 1, 4, 0, 2, 5, 4, 4]",33.18611145,32.79550171
"[3, 4, 4, 3, 3, 5, 0, 2, 2, 3, 0, 0, 2, 3, 4, 5, 5, 3, 1, 3, 2, 0, 4, 0, 2, 0, 4, 1]",34.14093781,33.07106781
"[4, 5, 4, 0, 4, 4, 6, 6, 2, 6, 2, 2, 1, 1, 0, 5, 6, 1, 4, 3, 1, 0, 2, 0, 7, 5, 4, 1]",33.5524826,33.05190659
"[2, 1, 0, 2, 7, 6, 3, 5, 3, 0, 2, 7, 4, 4, 3, 6, 4, 1, 7, 3, 1, 1, 3, 2, 7, 4, 1, 5]",34.78743362,34.1141243
"[5, 2, 0, 4, 3, 5, 1, 2, 2, 3, 7, 4, 5, 2, 2, 5, 0, 3, 4, 5, 6, 2, 4, 5, 1, 6, 0, 5]",34.03024673,26.12639046
"[4, 7, 3, 7, 0, 3, 6, 7, 1, 5, 1, 1, 1, 5, 1, 6, 5, 0, 3, 1, 0, 6, 2, 5, 0, 3, 3, 5]",34.09173965,33.8675766
"[0, 0, 7, 3, 5, 3, 4, 6, 6, 5, 5, 5, 7, 6, 4, 0, 6, 0, 5, 6, 5, 1, 6, 0, 2, 5, 3, 5]",33.54857635,27.95401764
"[0, 5, 5, 1, 0, 0, 6, 4, 7, 6, 3, 1, 3, 7, 5, 3, 7, 6, 4, 3, 5, 4, 5, 4, 1, 7, 1, 6]",34.10505295,33.49542999
"[7, 5, 3, 7, 5, 1, 4, 2, 6, 5, 3, 0, 7, 6, 6, 6, 2, 2, 5, 1, 7, 1, 4, 7, 4, 0, 5, 4]",29.82467079,28.18861961
"[0, 3, 1, 1, 0, 5, 6, 6, 7, 3, 1, 7, 1, 4, 2, 4, 3, 1, 2, 7, 2, 3, 7, 7, 2, 6, 7, 0]",34.88142776,34.47726822
"[2, 4, 4, 0, 5, 4, 1, 2, 6, 7, 3, 5, 7, 0, 0, 4, 3, 2, 2, 7, 4, 6, 3, 4, 6, 7, 6, 2]",34.94195557,34.3374939
"[1, 1, 0, 2, 4, 1, 6, 4, 3, 6, 6, 5, 1, 7, 0, 1, 0, 6, 6, 1, 5, 2, 1, 0, 7, 4, 2, 3]",34.54674911,33.77000809
"[6, 3, 0, 0, 6, 6, 2, 3, 5, 2, 0, 3, 1, 0, 6, 6, 2, 7, 0, 4, 7, 0, 0, 6, 7, 2, 6, 6]",34.31749344,30.25034142
"[2, 7, 5, 5, 1, 6, 3, 0, 0, 3, 0, 5, 1, 7, 7, 5, 3, 3, 7, 7, 4, 1, 3, 0, 6, 2, 1, 4]",34.83825302,32.83733368
"[3, 2, 7, 0, 5, 2, 4, 4, 4, 0, 4, 0, 3, 0, 0, 0, 7, 4, 3, 5, 1, 3, 2, 7, 2, 6, 4, 6]",34.38243484,34.31455994
"[5, 6, 2, 5, 0, 6, 1, 6, 0, 1, 0, 1, 1, 2, 5, 0, 2, 3, 2, 3, 5, 5, 2, 7, 6, 2, 1, 3]",34.67322159,34.82697296
"[7, 7, 0, 5, 4, 0, 0, 2, 1, 0, 6, 6, 6, 4, 2, 5, 1, 0, 1, 3, 4, 1, 7, 3, 1, 0, 1, 3]",35.65920639,35.00669861
"[2, 5, 0, 5, 2, 5, 1, 5, 2, 6, 5, 5, 3, 4, 4, 5, 6, 2, 3, 5, 7, 1, 0, 0, 6, 0, 2, 7]",29.11499786,26.89904404
"[2, 3, 5, 0, 4, 0, 1, 6, 1, 2, 6, 1, 7, 7, 6, 5, 1, 0, 5, 2, 0, 5, 1, 3, 3, 0, 1, 4]",34.48918915,34.4486084
"[4, 4, 4, 5, 0, 0, 0, 0, 4, 2, 1, 7, 5, 6, 4, 3, 4, 7, 3, 3, 7, 4, 1, 1, 2, 3, 3, 0]",33.24976349,32.51985168
"[0, 2, 2, 1, 5, 2, 4, 3, 2, 3, 2, 4, 3, 4, 7, 0, 2, 0, 4, 6, 5, 6, 7, 4, 4, 4, 0, 7]",30.1213131,29.27781677
"[0, 2, 7, 6, 7, 2, 4, 3, 1, 4, 7, 3, 5, 1, 5, 2, 5, 3, 5, 3, 5, 1, 3, 1, 3, 7, 2, 3]",33.87149048,33.57733536
"[3, 0, 1, 5, 6, 4, 1, 7, 2, 0, 2, 2, 5, 4, 5, 5, 6, 1, 7, 3, 2, 6, 2, 6, 1, 4, 5, 7]",35.49996185,34.77848816
"[2, 1, 6, 0, 3, 1, 2, 1, 1, 6, 3, 7, 7, 7, 1, 0, 4, 3, 2, 4, 5, 1, 0, 2, 3, 6, 2, 4]",32.08735657,32.38144684
"[6, 5, 4, 4, 5, 1, 5, 1, 4, 1, 6, 1, 0, 7, 1, 4, 2, 7, 3, 0, 4, 0, 6, 2, 4, 3, 1, 1]",34.25285721,33.88995743
"[2, 3, 7, 4, 4, 2, 2, 2, 4, 6, 7, 6, 4, 2, 1, 7, 5, 3, 7, 7, 5, 5, 3, 4, 6, 2, 4, 3]",34.80341721,34.38153076
"[0, 6, 5, 6, 2, 6, 6, 0, 5, 5, 4, 6, 4, 4, 3, 0, 6, 4, 3, 6, 7, 2, 4, 2, 6, 1, 4, 5]",34.04797363,33.61325073
"[7, 1, 6, 0, 4, 0, 0, 6, 0, 2, 6, 3, 3, 4, 4, 1, 0, 4, 1, 2, 5, 4, 7, 3, 7, 4, 2, 4]",35.35349655,34.90963745
"[4, 0, 4, 1, 7, 6, 5, 7, 3, 0, 0, 5, 5, 6, 4, 3, 4, 1, 1, 2, 2, 0, 6, 1, 2, 7, 6, 4]",35.13636017,34.442276
"[7, 5, 1, 5, 1, 2, 5, 1, 3, 5, 3, 7, 0, 1, 7, 2, 4, 4, 4, 5, 2, 7, 0, 3, 4, 5, 3, 5]",inf,32.12747192
"[5, 3, 0, 6, 4, 2, 7, 0, 7, 5, 3, 7, 4, 7, 2, 5, 1, 2, 0, 4, 2, 3, 4, 5, 2, 0, 4, 5]",33.85212326,32.11954498
"[6, 2, 7, 1, 6, 7, 6, 0, 1, 6, 2, 3, 0, 0, 3, 4, 6, 2, 1, 6, 5, 7, 6, 2, 0, 7, 3, 0]",34.85586548,34.67129898
"[3, 2, 2, 3, 7, 0, 4, 0, 4, 5, 1, 5, 5, 7, 0, 5, 7, 5, 5, 1, 7, 3, 4, 3, 3, 3, 5, 2]",35.04979706,34.51059723
"[2, 7, 7, 6, 6, 4, 0, 4, 2, 1, 2, 5, 1, 0, 6, 5, 6, 7, 5, 7, 7, 4, 6, 5, 7, 7, 5, 0]",34.63968277,33.3809433
"[1, 1, 0, 2, 0, 5, 2, 2, 6, 4, 1, 6, 3, 1, 7, 6, 3, 3, 2, 2, 4, 7, 2, 3, 0, 0, 6, 2]",34.38302231,33.72366333
"[6, 5, 1, 2, 1, 0, 7, 5, 5, 1, 3, 3, 7, 4, 3, 6, 6, 2, 3, 2, 5, 3, 3, 2, 1, 5, 2, 4]",29.15473747,28.60923958
"[5, 5, 1, 3, 3, 1, 6, 1, 4, 2, 5, 7, 7, 6, 2, 4, 7, 5, 6, 5, 4, 0, 0, 6, 7, 5, 7, 4]",29.3207531,26.36565208
"[2, 3, 5, 3, 2, 7, 4, 1, 1, 2, 5, 4, 4, 0, 5, 2, 5, 1, 6, 3, 1, 5, 2, 2, 7, 6, 4, 3]",32.62783813,32.29369736
"[3, 4, 6, 6, 3, 0, 2, 1, 6, 5, 3, 7, 5, 2, 3, 2, 5, 7, 1, 3, 7, 2, 5, 3, 2, 7, 0, 1]",32.91926956,30.19420433
"[3, 0, 0, 1, 5, 2, 2, 7, 2, 3, 5, 5, 7, 3, 5, 3, 4, 5, 4, 1, 6, 0, 6, 6, 5, 3, 7, 1]",34.10167694,30.51963234
"[6, 1, 4, 1, 4, 7, 6, 2, 4, 1, 2, 4, 0, 3, 2, 3, 6, 0, 0, 3, 2, 4, 3, 1, 5, 0, 0, 6]",34.50547028,34.1407814
"[7, 4, 3, 2, 2, 4, 6, 7, 4, 3, 2, 4, 0, 6, 1, 2, 6, 4, 7, 1, 0, 3, 1, 1, 2, 1, 4, 7]",34.74908066,34.13662338
"[3, 7, 6, 5, 3, 3, 2, 7, 5, 4, 7, 1, 3, 4, 6, 4, 7, 6, 2, 7, 6, 3, 3, 2, 1, 4, 7, 5]",35.17534637,33.20908356
"[4, 5, 5, 0, 3, 3, 2, 3, 6, 1, 0, 6, 0, 4, 2, 1, 3, 1, 7, 7, 2, 3, 4, 5, 3, 3, 3, 2]",33.30122757,32.84412766
"[3, 1, 2, 5, 3, 3, 0, 4, 0, 3, 7, 7, 2, 2, 1, 0, 5, 5, 6, 4, 0, 2, 7, 0, 7, 2, 7, 5]",inf,31.44111633
"[4, 4, 5, 2, 5, 3, 6, 2, 4, 3, 5, 0, 5, 2, 3, 5, 1, 6, 1, 1, 5, 2, 0, 5, 7, 5, 4, 6]",29.23696899,28.16832733
"[0, 6, 4, 2, 6, 2, 6, 2, 0, 4, 3, 4, 6, 3, 3, 3, 2, 6, 3, 1, 4, 5, 4, 6, 4, 5, 3, 0]",33.96336365,33.36936569
"[3, 3, 1, 6, 7, 3, 4, 0, 5, 1, 6, 3, 2, 2, 0, 0, 3, 0, 5, 1, 0, 7, 7, 7, 3, 4, 4, 5]",inf,34.49703217
"[7, 6, 0, 6, 2, 0, 0, 6, 4, 2, 1, 6, 5, 5, 1, 0, 2, 1, 5, 2, 5, 2, 5, 7, 1, 0, 1, 0]",35.40684891,35.20614624
"[2, 6, 4, 2, 1, 1, 0, 7, 6, 4, 1, 4, 3, 6, 5, 3, 5, 6, 2, 3, 5, 4, 7, 3, 6, 7, 4, 0]",34.77647018,34.48985291
"[0, 7, 7, 5, 3, 4, 3, 7, 0, 1, 3, 1, 7, 5, 2, 7, 3, 4, 0, 5, 2, 2, 7, 2, 0, 3, 7, 7]",34.93644714,33.38824463
"[1, 7, 2, 6, 1, 1, 6, 7, 2, 4, 1, 7, 3, 0, 3, 1, 0, 5, 3, 2, 3, 2, 1, 1, 0, 3, 7, 6]",34.20318222,33.79117584
"[2, 7, 2, 5, 7, 1, 5, 6, 3, 3, 0, 0, 0, 6, 7, 2, 4, 3, 5, 4, 5, 2, 3, 1, 5, 6, 6, 2]",33.98558426,33.46689606
"[0, 6, 2, 0, 0, 6, 7, 6, 1, 5, 5, 2, 7, 4, 6, 4, 1, 7, 7, 6, 2, 1, 2, 5, 0, 7, 4, 4]",34.1238327,31.53700447
"[2, 4, 2, 0, 0, 4, 7, 5, 3, 0, 7, 4, 7, 6, 6, 6, 2, 7, 4, 4, 0, 7, 2, 7, 2, 0, 2, 3]",34.76407623,33.40838242
"[0, 0, 7, 4, 2, 1, 5, 5, 0, 3, 2, 6, 6, 0, 2, 5, 3, 4, 4, 3, 3, 6, 0, 1, 0, 1, 0, 4]",33.36287689,32.63847351
"[0, 2, 1, 5, 2, 7, 4, 2, 6, 3, 3, 6, 2, 5, 6, 5, 4, 3, 0, 3, 6, 4, 6, 1, 5, 0, 1, 7]",33.00396729,25.55472374
"[3, 4, 5, 0, 7, 2, 1, 0, 6, 1, 0, 6, 3, 6, 6, 4, 4, 1, 4, 1, 4, 6, 1, 1, 0, 6, 0, 2]",34.34627914,33.97446823
"[5, 1, 2, 2, 0, 6, 1, 7, 3, 2, 5, 1, 3, 4, 2, 2, 4, 1, 0, 1, 5, 3, 5, 5, 0, 2, 7, 0]",33.51725006,32.37758636
"[2, 0, 3, 4, 0, 7, 3, 7, 3, 0, 0, 4, 3, 2, 4, 1, 4, 2, 0, 4, 2, 4, 1, 7, 4, 3, 3, 5]",34.96366119,34.15581131
"[0, 7, 0, 4, 5, 5, 4, 4, 5, 1, 5, 5, 5, 4, 0, 7, 7, 3, 2, 7, 3, 7, 0, 1, 2, 5, 3, 3]",29.98372269,30.32211494
"[2, 7, 2, 3, 2, 2, 6, 4, 0, 5, 6, 4, 7, 6, 3, 7, 0, 3, 7, 1, 0, 3, 2, 6, 1, 0, 0, 3]",34.3319397,30.35930634
"[0, 0, 6, 0, 2, 3, 7, 3, 0, 0, 2, 3, 7, 1, 5, 7, 7, 2, 3, 0, 2, 4, 6, 2, 3, 6, 5, 4]",33.54543304,33.52301407
"[4, 2, 7, 6, 5, 7, 4, 5, 0, 7, 7, 3, 3, 2, 5, 4, 7, 4, 4, 2, 3, 7, 1, 0, 5, 5, 3, 2]",34.96038818,34.20090103
"[4, 2, 2, 2, 2, 7, 3, 5, 1, 4, 0, 0, 2, 7, 3, 6, 6, 7, 3, 5, 7, 3, 5, 0, 5, 1, 4, 4]",32.85836029,33.26517487
"[7, 1, 7, 3, 5, 6, 0, 4, 0, 1, 5, 2, 5, 1, 3, 2, 6, 4, 2, 1, 0, 0, 6, 3, 1, 6, 2, 4]",34.36221313,34.03686523
"[7, 6, 7, 0, 2, 0, 4, 1, 0, 3, 7, 6, 0, 2, 2, 5, 5, 3, 2, 2, 2, 2, 6, 4, 5, 6, 4, 4]",34.989151,33.29598236
"[2, 4, 4, 0, 5, 4, 6, 1, 0, 6, 3, 4, 2, 5, 2, 6, 1, 7, 4, 3, 2, 0, 1, 5, 1, 3, 6, 4]",33.51264572,32.09251022
"[2, 2, 0, 6, 2, 4, 6, 5, 6, 1, 2, 0, 1, 5, 0, 5, 5, 7, 3, 3, 1, 1, 0, 0, 5, 6, 0, 3]",34.06877899,33.67322159
"[7, 3, 0, 0, 2, 1, 3, 7, 4, 6, 3, 4, 5, 4, 0, 3, 6, 0, 4, 7, 1, 1, 6, 5, 0, 7, 1, 0]",35.66197586,33.78771591
"[5, 2, 3, 1, 2, 1, 7, 1, 1, 1, 5, 4, 2, 7, 0, 7, 4, 5, 3, 3, 4, 3, 7, 1, 2, 0, 0, 0]",34.95989227,34.02436829
"[7, 2, 1, 7, 4, 2, 7, 7, 5, 3, 6, 5, 7, 7, 2, 5, 2, 7, 0, 3, 1, 6, 2, 0, 6, 3, 6, 6]",34.15145874,33.87347031
"[7, 5, 0, 6, 6, 5, 2, 2, 7, 4, 0, 5, 4, 1, 1, 6, 7, 1, 4, 2, 1, 1, 7, 5, 7, 1, 6, 3]",34.86237335,34.01883316
"[2, 3, 1, 7, 1, 0, 1, 6, 5, 2, 6, 6, 1, 3, 2, 3, 6, 4, 5, 0, 3, 6, 4, 6, 0, 4, 1, 0]",34.68804932,33.73525238
"[5, 2, 6, 2, 4, 5, 5, 2, 7, 1, 2, 4, 0, 3, 0, 4, 0, 5, 0, 1, 0, 4, 7, 2, 3, 7, 1, 6]",35.03826141,34.46048737
"[7, 0, 2, 7, 4, 4, 3, 3, 6, 7, 4, 7, 6, 6, 3, 7, 6, 1, 0, 2, 7, 0, 6, 2, 4, 1, 5, 3]",33.3980217,32.98800659
"[7, 5, 5, 6, 5, 5, 7, 3, 7, 1, 7, 1, 3, 6, 3, 5, 0, 6, 1, 7, 1, 7, 7, 1, 7, 6, 0, 7]",35.30941772,34.42107391
"[7, 1, 6, 4, 7, 7, 7, 5, 0, 4, 0, 4, 1, 4, 6, 0, 3, 3, 1, 6, 7, 5, 4, 4, 4, 6, 5, 1]",35.42433167,34.6372757
"[1, 0, 5, 5, 1, 4, 4, 4, 3, 3, 2, 1, 0, 7, 5, 4, 1, 6, 2, 7, 1, 6, 2, 3, 1, 3, 5, 2]",33.57285309,30.84745216
"[0, 0, 7, 2, 5, 3, 3, 0, 1, 2, 2, 3, 1, 7, 0, 3, 1, 0, 7, 5, 6, 6, 5, 2, 5, 0, 5, 4]",32.34274673,32.16172028
"[0, 3, 1, 6, 7, 6, 5, 4, 4, 2, 1, 7, 3, 7, 2, 1, 7, 7, 5, 3, 7, 6, 0, 2, 1, 2, 0, 4]",33.32951355,32.9378891
"[7, 0, 0, 6, 7, 1, 6, 0, 1, 7, 5, 4, 0, 3, 5, 2, 2, 3, 5, 2, 0, 3, 4, 7, 7, 7, 3, 1]",34.51268005,32.1678772
"[7, 4, 0, 4, 6, 1, 5, 3, 5, 1, 1, 6, 4, 1, 7, 4, 6, 2, 7, 0, 2, 5, 5, 7, 6, 0, 1, 0]",inf,34.64050293
"[1, 3, 4, 7, 6, 5, 2, 2, 7, 1, 6, 1, 7, 2, 6, 6, 5, 7, 7, 4, 0, 0, 3, 4, 0, 7, 4, 1]",35.42012787,34.24782181
"[7, 5, 1, 6, 5, 2, 5, 0, 2, 0, 2, 0, 0, 5, 1, 1, 5, 6, 2, 0, 0, 6, 3, 6, 3, 2, 3, 2]",28.41226768,28.64516449
"[2, 3, 4, 6, 5, 2, 7, 0, 6, 3, 2, 4, 6, 4, 6, 2, 3, 5, 7, 5, 6, 7, 1, 5, 1, 5, 5, 1]",29.18842506,24.86790085
"[0, 1, 3, 6, 6, 7, 7, 4, 4, 1, 5, 1, 6, 2, 2, 1, 6, 6, 0, 3, 6, 3, 1, 4, 4, 3, 6, 2]",32.76914597,31.74562645
"[2, 4, 6, 1, 6, 6, 6, 2, 4, 4, 7, 7, 7, 1, 2, 1, 3, 7, 2, 6, 6, 6, 3, 3, 1, 6, 7, 5]",34.10272217,33.76786041
"[5, 3, 0, 2, 0, 0, 0, 3, 1, 7, 4, 4, 1, 6, 0, 3, 7, 3, 2, 0, 0, 3, 3, 0, 3, 2, 5, 0]",34.27728271,34.00246811
"[1, 5, 5, 6, 3, 6, 1, 6, 4, 7, 1, 6, 3, 1, 7, 2, 7, 4, 4, 6, 7, 3, 6, 4, 1, 7, 5, 4]",inf,33.38217545
"[0, 5, 2, 2, 4, 5, 2, 7, 2, 3, 1, 3, 3, 6, 4, 3, 7, 1, 6, 2, 1, 3, 1, 3, 7, 3, 2, 5]",29.35526848,23.34523773
"[2, 7, 3, 5, 3, 0, 4, 7, 1, 2, 6, 0, 3, 0, 3, 7, 0, 7, 2, 3, 0, 2, 0, 6, 4, 7, 7, 3]",35.47828293,34.28094864
"[3, 4, 2, 2, 6, 6, 4, 2, 0, 7, 1, 2, 3, 2, 1, 1, 0, 0, 3, 7, 6, 4, 0, 6, 2, 6, 5, 1]",34.2871666,33.7381134
"[2, 7, 5, 7, 2, 1, 7, 7, 7, 1, 3, 4, 4, 4, 4, 4, 3, 3, 3, 0, 3, 4, 4, 3, 1, 7, 1, 3]",34.44665909,32.53958893
"[1, 2, 1, 1, 5, 5, 1, 5, 2, 7, 4, 4, 2, 2, 0, 4, 2, 4, 6, 7, 1, 3, 2, 7, 1, 5, 1, 0]",33.95166397,33.77095795
"[6, 6, 2, 5, 4, 2, 7, 0, 0, 7, 1, 3, 5, 2, 5, 1, 0, 0, 5, 0, 3, 1, 6, 5, 1, 0, 7, 2]",34.64082336,34.40023041
"[0, 6, 1, 5, 7, 2, 6, 7, 3, 4, 1, 4, 6, 6, 2, 4, 0, 3, 3, 0, 0, 4, 2, 3, 2, 2, 5, 7]",35.00828171,33.93538666
"[4, 1, 3, 2, 7, 5, 4, 1, 7, 7, 3, 7, 7, 6, 2, 7, 3, 2, 2, 0, 2, 4, 4, 5, 1, 7, 6, 5]",34.73703003,34.04037094
"[0, 2, 0, 7, 0, 0, 5, 0, 3, 2, 6, 4, 7, 3, 7, 5, 5, 1, 7, 4, 6, 4, 2, 1, 7, 4, 2, 0]",33.67356873,33.70607758
"[0, 6, 6, 0, 1, 3, 1, 3, 7, 0, 1, 0, 6, 0, 5, 6, 0, 6, 6, 6, 0, 3, 3, 2, 0, 1, 4, 7]",34.65361404,34.42390823
"[1, 2, 6, 3, 3, 3, 5, 1, 5, 3, 3, 0, 4, 0, 4, 4, 0, 0, 4, 6, 3, 0, 4, 6, 4, 2, 5, 4]",35.0663147,33.78495789
"[4, 7, 7, 5, 4, 2, 5, 1, 5, 0, 4, 6, 6, 4, 3, 7, 0, 1, 1, 5, 6, 4, 6, 6, 3, 7, 3, 7]",33.71751404,33.21477127
"[5, 0, 7, 7, 1, 6, 3, 3, 0, 4, 2, 3, 1, 4, 1, 4, 2, 5, 6, 4, 2, 6, 5, 2, 7, 5, 6, 6]",33.80568314,33.66792297
"[4, 5, 4, 4, 3, 5, 5, 5, 5, 7, 6, 3, 5, 1, 3, 0, 6, 2, 5, 2, 0, 5, 3, 4, 7, 7, 2, 7]",34.99515915,33.25045776
"[7, 5, 0, 6, 6, 5, 2, 2, 7, 4, 0, 5, 4, 1, 1, 6, 7, 1, 4, 2, 1, 1, 7, 5, 7, 1, 6, 3]",34.65983582,33.34971619
"[2, 3, 1, 7, 1, 0, 1, 6, 5, 2, 6, 6, 1, 3, 2, 3, 6, 4, 5, 0, 3, 6, 4, 6, 0, 4, 1, 0]",35.18359756,34.69829178
"[5, 2, 6, 2, 4, 5, 5, 2, 7, 1, 2, 4, 0, 3, 0, 4, 0, 5, 0, 1, 0, 4, 7, 2, 3, 7, 1, 6]",35.36410522,33.75323868
"[7, 0, 2, 7, 4, 4, 3, 3, 6, 7, 4, 7, 6, 6, 3, 7, 6, 1, 0, 2, 7, 0, 6, 2, 4, 1, 5, 3]",33.52193069,33.75883865
"[7, 5, 5, 6, 5, 5, 7, 3, 7, 1, 7, 1, 3, 6, 3, 5, 0, 6, 1, 7, 1, 7, 7, 1, 7, 6, 0, 7]",35.47864532,34.86201096
"[7, 1, 6, 4, 7, 7, 7, 5, 0, 4, 0, 4, 1, 4, 6, 0, 3, 3, 1, 6, 7, 5, 4, 4, 4, 6, 5, 1]",35.08366394,34.63722229
"[1, 0, 5, 5, 1, 4, 4, 4, 3, 3, 2, 1, 0, 7, 5, 4, 1, 6, 2, 7, 1, 6, 2, 3, 1, 3, 5, 2]",33.79328156,33.58909607
"[0, 0, 7, 2, 5, 3, 3, 0, 1, 2, 2, 3, 1, 7, 0, 3, 1, 0, 7, 5, 6, 6, 5, 2, 5, 0, 5, 4]",33.05181122,30.67642975
"[0, 3, 1, 6, 7, 6, 5, 4, 4, 2, 1, 7, 3, 7, 2, 1, 7, 7, 5, 3, 7, 6, 0, 2, 1, 2, 0, 4]",31.70901108,31.06100845
"[7, 0, 0, 6, 7, 1, 6, 0, 1, 7, 5, 4, 0, 3, 5, 2, 2, 3, 5, 2, 0, 3, 4, 7, 7, 7, 3, 1]",34.50870895,31.88636208
"[7, 4, 0, 4, 6, 1, 5, 3, 5, 1, 1, 6, 4, 1, 7, 4, 6, 2, 7, 0, 2, 5, 5, 7, 6, 0, 1, 0]",34.4486618,33.60783005
"[1, 3, 4, 7, 6, 5, 2, 2, 7, 1, 6, 1, 7, 2, 6, 6, 5, 7, 7, 4, 0, 0, 3, 4, 0, 7, 4, 1]",35.32212067,33.84532928
"[7, 5, 1, 6, 5, 2, 5, 0, 2, 0, 2, 0, 0, 5, 1, 1, 5, 6, 2, 0, 0, 6, 3, 6, 3, 2, 3, 2]",28.37829399,27.177742
"[2, 3, 4, 6, 5, 2, 7, 0, 6, 3, 2, 4, 6, 4, 6, 2, 3, 5, 7, 5, 6, 7, 1, 5, 1, 5, 5, 1]",28.80576897,28.23010445
"[0, 1, 3, 6, 6, 7, 7, 4, 4, 1, 5, 1, 6, 2, 2, 1, 6, 6, 0, 3, 6, 3, 1, 4, 4, 3, 6, 2]",29.61998367,28.28628349
"[2, 4, 6, 1, 6, 6, 6, 2, 4, 4, 7, 7, 7, 1, 2, 1, 3, 7, 2, 6, 6, 6, 3, 3, 1, 6, 7, 5]",34.5284729,33.92991257
"[5, 3, 0, 2, 0, 0, 0, 3, 1, 7, 4, 4, 1, 6, 0, 3, 7, 3, 2, 0, 0, 3, 3, 0, 3, 2, 5, 0]",34.437603,33.89976883
"[1, 5, 5, 6, 3, 6, 1, 6, 4, 7, 1, 6, 3, 1, 7, 2, 7, 4, 4, 6, 7, 3, 6, 4, 1, 7, 5, 4]",34.07915878,33.91399384
"[0, 5, 2, 2, 4, 5, 2, 7, 2, 3, 1, 3, 3, 6, 4, 3, 7, 1, 6, 2, 1, 3, 1, 3, 7, 3, 2, 5]",29.00187492,23.5526123
"[2, 7, 3, 5, 3, 0, 4, 7, 1, 2, 6, 0, 3, 0, 3, 7, 0, 7, 2, 3, 0, 2, 0, 6, 4, 7, 7, 3]",35.63321304,34.73875809
"[3, 4, 2, 2, 6, 6, 4, 2, 0, 7, 1, 2, 3, 2, 1, 1, 0, 0, 3, 7, 6, 4, 0, 6, 2, 6, 5, 1]",34.48801804,33.33466721
"[2, 7, 5, 7, 2, 1, 7, 7, 7, 1, 3, 4, 4, 4, 4, 4, 3, 3, 3, 0, 3, 4, 4, 3, 1, 7, 1, 3]",33.82984924,33.36248016
"[1, 2, 1, 1, 5, 5, 1, 5, 2, 7, 4, 4, 2, 2, 0, 4, 2, 4, 6, 7, 1, 3, 2, 7, 1, 5, 1, 0]",33.49264526,33.62792587
"[6, 6, 2, 5, 4, 2, 7, 0, 0, 7, 1, 3, 5, 2, 5, 1, 0, 0, 5, 0, 3, 1, 6, 5, 1, 0, 7, 2]",34.38300705,33.32942963
"[0, 6, 1, 5, 7, 2, 6, 7, 3, 4, 1, 4, 6, 6, 2, 4, 0, 3, 3, 0, 0, 4, 2, 3, 2, 2, 5, 7]",35.11836243,34.62231445
"[4, 1, 3, 2, 7, 5, 4, 1, 7, 7, 3, 7, 7, 6, 2, 7, 3, 2, 2, 0, 2, 4, 4, 5, 1, 7, 6, 5]",34.5943718,34.02031708
"[0, 2, 0, 7, 0, 0, 5, 0, 3, 2, 6, 4, 7, 3, 7, 5, 5, 1, 7, 4, 6, 4, 2, 1, 7, 4, 2, 0]",34.04305649,33.54202652
"[0, 6, 6, 0, 1, 3, 1, 3, 7, 0, 1, 0, 6, 0, 5, 6, 0, 6, 6, 6, 0, 3, 3, 2, 0, 1, 4, 7]",34.57127762,33.93702316
"[1, 2, 6, 3, 3, 3, 5, 1, 5, 3, 3, 0, 4, 0, 4, 4, 0, 0, 4, 6, 3, 0, 4, 6, 4, 2, 5, 4]",35.04193115,32.89066315
"[4, 7, 7, 5, 4, 2, 5, 1, 5, 0, 4, 6, 6, 4, 3, 7, 0, 1, 1, 5, 6, 4, 6, 6, 3, 7, 3, 7]",34.30815887,33.4777565
"[5, 0, 7, 7, 1, 6, 3, 3, 0, 4, 2, 3, 1, 4, 1, 4, 2, 5, 6, 4, 2, 6, 5, 2, 7, 5, 6, 6]",33.11289215,33.1312294
"[4, 5, 4, 4, 3, 5, 5, 5, 5, 7, 6, 3, 5, 1, 3, 0, 6, 2, 5, 2, 0, 5, 3, 4, 7, 7, 2, 7]",34.9794426,34.07591629
"[0, 1, 2, 2, 0, 3, 7, 6, 0, 2, 2, 3, 0, 5, 0, 1, 5, 0, 2, 2, 4, 3, 0, 3, 7, 2, 0, 5]",33.36291504,33.09137344
"[6, 5, 7, 2, 2, 7, 1, 1, 5, 6, 6, 5, 6, 5, 6, 4, 3, 3, 1, 2, 2, 5, 4, 5, 4, 3, 0, 2]",inf,31.28623772
"[5, 5, 6, 5, 0, 7, 1, 5, 5, 2, 4, 0, 5, 4, 0, 0, 2, 2, 7, 2, 4, 1, 0, 3, 0, 1, 0, 5]",34.74312592,34.30974579
"[3, 3, 5, 0, 4, 1, 4, 2, 6, 0, 3, 4, 4, 4, 4, 5, 0, 4, 4, 5, 7, 2, 0, 6, 3, 1, 1, 6]",34.99358749,34.37867737
"[5, 7, 1, 2, 4, 5, 7, 1, 2, 3, 1, 4, 1, 4, 0, 2, 1, 5, 0, 7, 0, 4, 2, 1, 6, 0, 7, 7]",29.49800301,29.36527443
"[7, 1, 3, 5, 4, 2, 1, 4, 1, 7, 5, 7, 1, 4, 0, 4, 3, 1, 7, 7, 7, 6, 0, 0, 4, 7, 0, 3]",35.17421722,29.37478447
"[6, 3, 3, 4, 7, 4, 6, 1, 0, 3, 1, 3, 5, 3, 1, 2, 2, 1, 4, 7, 7, 5, 5, 6, 1, 1, 2, 6]",34.44556808,33.83097839
"[6, 2, 6, 7, 1, 7, 0, 2, 7, 4, 2, 4, 1, 3, 1, 3, 4, 4, 1, 6, 0, 2, 5, 7, 3, 3, 0, 1]",33.06750107,33.18835068
"[1, 5, 2, 6, 6, 7, 7, 1, 2, 6, 2, 4, 0, 4, 7, 1, 3, 1, 4, 1, 3, 7, 6, 6, 5, 4, 2, 6]",33.03105545,32.99969864
"[7, 7, 7, 3, 0, 6, 2, 0, 2, 2, 1, 7, 0, 4, 1, 4, 3, 3, 7, 2, 2, 3, 1, 1, 2, 1, 2, 0]",inf,28.53346634
"[5, 5, 2, 5, 3, 7, 2, 0, 6, 7, 1, 6, 4, 3, 2, 2, 5, 6, 7, 0, 4, 7, 1, 5, 1, 3, 6, 6]",inf,32.92133713
"[1, 5, 3, 6, 5, 3, 6, 3, 3, 5, 5, 0, 0, 4, 1, 3, 2, 6, 5, 5, 7, 7, 1, 2, 0, 2, 7, 0]",12.04910946,12.36294174
"[1, 0, 4, 5, 0, 4, 2, 2, 7, 1, 4, 7, 7, 0, 7, 5, 0, 6, 3, 3, 5, 0, 6, 4, 1, 0, 0, 1]",34.70970917,33.37540054
"[0, 3, 5, 1, 7, 2, 6, 7, 6, 6, 4, 4, 5, 2, 3, 7, 4, 3, 1, 0, 7, 4, 5, 3, 4, 1, 2, 7]",34.16539383,33.47995758
"[1, 4, 0, 7, 4, 3, 7, 4, 7, 6, 4, 7, 2, 4, 1, 4, 0, 6, 2, 2, 2, 7, 4, 1, 5, 2, 5, 7]",29.83521843,29.80312538
"[0, 2, 4, 6, 0, 4, 3, 2, 3, 3, 1, 4, 7, 7, 5, 4, 1, 1, 0, 0, 2, 2, 6, 0, 4, 2, 1, 6]",34.41840363,31.91622734
"[2, 6, 5, 5, 2, 6, 6, 6, 1, 2, 5, 1, 4, 4, 1, 6, 7, 0, 5, 6, 5, 0, 1, 7, 3, 7, 5, 3]",inf,34.39839554
"[1, 7, 3, 7, 0, 1, 7, 7, 4, 3, 2, 6, 6, 3, 5, 4, 6, 2, 4, 4, 1, 7, 2, 3, 6, 4, 5, 1]",34.60296249,33.86876297
"[4, 4, 0, 7, 2, 2, 1, 5, 1, 6, 1, 5, 4, 2, 3, 4, 2, 4, 3, 4, 5, 5, 7, 3, 6, 4, 6, 7]",33.77682877,33.38740158
"[2, 2, 4, 6, 3, 2, 2, 0, 6, 5, 2, 4, 3, 0, 4, 0, 2, 2, 3, 0, 3, 0, 4, 4, 3, 5, 4, 5]",30.03652,28.24464989
"[3, 3, 3, 3, 7, 6, 7, 2, 0, 4, 7, 6, 2, 1, 4, 6, 4, 4, 3, 7, 1, 0, 2, 6, 5, 7, 6, 4]",34.44338989,33.24004745
"[2, 7, 1, 0, 3, 2, 1, 5, 3, 4, 4, 4, 2, 1, 1, 6, 3, 3, 2, 1, 7, 6, 4, 7, 6, 0, 6, 6]",33.87097931,33.57541275
"[1, 0, 0, 2, 5, 0, 2, 0, 5, 3, 2, 2, 6, 4, 3, 0, 3, 5, 0, 4, 3, 6, 2, 5, 1, 0, 5, 0]",34.04027939,33.95100784
"[5, 7, 2, 2, 3, 6, 4, 1, 0, 4, 4, 1, 0, 7, 5, 3, 5, 7, 6, 7, 6, 0, 6, 7, 6, 5, 5, 2]",34.96660995,30.43902206
"[7, 5, 5, 1, 6, 6, 5, 4, 3, 7, 0, 3, 4, 1, 2, 6, 1, 0, 5, 0, 3, 0, 1, 3, 3, 1, 4, 7]",34.22001266,33.12109756
"[2, 1, 2, 3, 3, 6, 6, 5, 6, 7, 6, 0, 2, 4, 4, 6, 6, 0, 0, 4, 3, 6, 1, 3, 2, 7, 7, 4]",33.69724274,26.90393257
"[3, 0, 7, 1, 4, 5, 1, 2, 2, 7, 4, 7, 1, 5, 0, 0, 3, 6, 4, 0, 3, 7, 4, 5, 3, 6, 0, 7]",34.50395966,34.31846619
"[5, 5, 7, 7, 3, 7, 2, 0, 6, 3, 4, 2, 3, 6, 6, 3, 6, 6, 2, 1, 7, 3, 3, 7, 1, 5, 7, 1]",28.39758682,27.64664268
"[4, 2, 5, 0, 0, 0, 5, 1, 0, 7, 7, 6, 7, 4, 2, 1, 4, 6, 5, 0, 3, 1, 4, 2, 1, 2, 4, 7]",33.88092041,33.12708282
"[5, 0, 2, 2, 1, 6, 3, 4, 3, 2, 0, 5, 5, 4, 4, 6, 4, 6, 2, 5, 1, 2, 6, 7, 4, 4, 2, 3]",28.57329941,28.03484726
"[3, 0, 4, 5, 7, 5, 2, 4, 1, 0, 4, 2, 2, 1, 5, 6, 5, 5, 1, 1, 1, 1, 2, 0, 6, 4, 4, 6]",34.92864227,34.33145523
"[4, 5, 5, 0, 3, 5, 4, 5, 2, 3, 6, 2, 1, 3, 6, 7, 7, 1, 6, 1, 4, 7, 7, 7, 2, 3, 6, 6]",33.66143417,33.51438904
"[7, 3, 5, 0, 3, 7, 0, 0, 6, 6, 3, 7, 0, 7, 1, 7, 6, 4, 4, 2, 4, 2, 3, 1, 3, 5, 7, 6]",34.75701141,33.58658218
"[3, 3, 3, 3, 5, 5, 5, 5, 1, 1, 3, 2, 3, 4, 0, 0, 4, 5, 2, 1, 1, 3, 3, 3, 2, 2, 7, 0]",28.24678612,27.42720413
"[5, 7, 6, 7, 4, 3, 4, 3, 1, 3, 2, 0, 5, 3, 6, 2, 6, 5, 7, 7, 5, 6, 2, 0, 1, 1, 5, 5]",34.59386063,33.73767853
"[6, 4, 0, 4, 0, 3, 2, 2, 6, 2, 6, 5, 4, 0, 4, 2, 2, 0, 1, 5, 0, 7, 7, 5, 1, 6, 3, 4]",34.98411179,34.73684692
"[0, 2, 0, 6, 1, 5, 7, 2, 0, 7, 3, 7, 1, 6, 5, 4, 0, 5, 3, 7, 6, 4, 3, 5, 3, 2, 0, 0]",34.41217422,34.02883911
"[5, 2, 7, 7, 5, 0, 4, 2, 4, 3, 7, 2, 2, 5, 2, 7, 5, 6, 2, 2, 7, 2, 6, 5, 7, 0, 1, 5]",29.71686554,25.66591835
"[5, 1, 1, 5, 3, 4, 1, 1, 3, 1, 4, 3, 0, 4, 4, 6, 1, 0, 7, 5, 3, 4, 2, 0, 3, 0, 2, 5]",34.10198593,33.55310822
"[1, 3, 2, 2, 5, 6, 4, 5, 6, 2, 2, 2, 4, 4, 5, 5, 7, 2, 3, 0, 7, 4, 5, 2, 4, 6, 2, 2]",35.1538353,34.50150681
"[1, 7, 5, 5, 7, 6, 3, 6, 4, 0, 0, 0, 5, 7, 6, 7, 6, 6, 1, 1, 2, 0, 4, 2, 4, 1, 2, 4]",35.48672867,34.56945038
"[4, 1, 6, 0, 5, 3, 2, 7, 2, 1, 5, 4, 7, 5, 2, 6, 3, 1, 7, 2, 3, 5, 3, 3, 2, 6, 5, 1]",29.41762924,28.92982292
"[1, 2, 6, 2, 1, 2, 7, 6, 6, 0, 7, 3, 6, 4, 1, 7, 1, 2, 5, 0, 7, 1, 7, 7, 3, 5, 0, 5]",34.29994583,33.9246521
"[0, 5, 4, 7, 6, 2, 3, 1, 7, 2, 6, 0, 0, 1, 4, 1, 5, 3, 1, 1, 5, 0, 0, 0, 1, 5, 4, 2]",34.15991974,33.69424057
"[4, 6, 6, 2, 4, 4, 3, 5, 1, 2, 6, 2, 3, 1, 1, 7, 5, 3, 3, 4, 4, 3, 6, 3, 6, 2, 6, 4]",29.06308746,29.203022
"[0, 0, 2, 4, 6, 2, 6, 5, 6, 4, 2, 0, 0, 4, 7, 7, 4, 2, 2, 4, 6, 6, 7, 7, 7, 4, 7, 2]",33.14533615,25.95028496
"[1, 3, 0, 2, 7, 3, 0, 1, 3, 6, 3, 5, 1, 5, 3, 0, 2, 7, 5, 4, 5, 0, 5, 0, 4, 2, 4, 4]",34.57420731,33.33780289
"[4, 6, 5, 1, 2, 7, 0, 2, 4, 6, 7, 2, 6, 5, 2, 4, 0, 0, 7, 6, 4, 2, 2, 1, 2, 7, 2, 7]",34.59150696,32.7086792
"[1, 3, 0, 6, 3, 1, 0, 4, 7, 2, 3, 5, 1, 1, 4, 3, 4, 6, 2, 5, 4, 5, 4, 0, 6, 2, 6, 1]",33.40526581,33.06072235
"[5, 4, 7, 1, 0, 1, 3, 0, 4, 6, 0, 5, 2, 3, 4, 5, 2, 2, 2, 3, 5, 5, 3, 5, 0, 3, 5, 6]",34.18709183,33.39665222
"[5, 0, 2, 0, 7, 4, 1, 3, 5, 5, 2, 2, 2, 7, 5, 3, 5, 0, 7, 3, 1, 6, 6, 6, 5, 0, 2, 4]",34.42612076,30.49699974
"[2, 5, 1, 3, 5, 6, 0, 3, 3, 2, 1, 4, 5, 0, 1, 1, 0, 4, 2, 0, 1, 6, 1, 3, 7, 4, 3, 6]",34.45768738,34.03227615
"[0, 1, 3, 5, 4, 3, 3, 3, 3, 5, 4, 5, 7, 2, 0, 7, 1, 5, 6, 6, 4, 5, 7, 2, 4, 6, 1, 3]",34.02137756,32.99955368
"[1, 2, 4, 1, 0, 6, 6, 5, 6, 6, 4, 5, 4, 1, 6, 2, 6, 7, 6, 4, 1, 1, 7, 7, 3, 4, 3, 7]",33.00909424,33.01412201
"[4, 1, 0, 7, 2, 3, 2, 6, 4, 2, 6, 3, 7, 6, 7, 2, 7, 5, 2, 5, 4, 2, 6, 0, 5, 1, 6, 6]",29.69105148,28.38785172
"[5, 5, 2, 2, 6, 0, 2, 1, 6, 3, 5, 6, 1, 3, 4, 3, 4, 5, 6, 6, 2, 7, 7, 4, 5, 4, 2, 2]",33.50243378,31.88226128
"[3, 0, 1, 4, 1, 3, 3, 2, 5, 7, 6, 3, 4, 2, 0, 5, 2, 6, 4, 4, 2, 7, 6, 1, 3, 7, 0, 0]",34.78326035,34.45055389
"[6, 2, 5, 3, 0, 6, 4, 6, 7, 6, 7, 1, 7, 1, 0, 7, 0, 5, 5, 6, 3, 5, 3, 7, 2, 4, 7, 4]",35.09291458,34.68645096
"[6, 4, 1, 3, 1, 1, 7, 5, 3, 2, 6, 1, 4, 4, 4, 1, 6, 5, 1, 7, 7, 5, 4, 1, 1, 2, 6, 6]",32.51026917,33.78310776
"[5, 5, 3, 7, 1, 4, 6, 0, 0, 0, 6, 1, 0, 0, 7, 0, 6, 2, 7, 5, 0, 6, 1, 7, 6, 5, 1, 7]",33.07202148,22.2541256
"[0, 1, 0, 6, 3, 0, 2, 4, 2, 4, 0, 3, 1, 2, 6, 2, 3, 2, 5, 7, 7, 7, 3, 6, 1, 4, 4, 5]",34.31794739,33.51147461
"[2, 7, 7, 1, 5, 1, 6, 7, 2, 1, 1, 1, 5, 2, 3, 0, 3, 5, 5, 1, 6, 4, 1, 5, 4, 4, 3, 2]",30.25513077,29.73915672
"[6, 7, 4, 2, 5, 1, 2, 7, 7, 0, 4, 2, 6, 0, 5, 5, 3, 4, 4, 2, 3, 1, 2, 2, 0, 2, 0, 3]",34.48971558,34.11354065
"[6, 7, 6, 2, 1, 3, 3, 2, 5, 5, 0, 2, 4, 4, 6, 1, 4, 3, 4, 3, 0, 6, 2, 4, 1, 5, 3, 2]",34.4838295,33.7150116
"[7, 3, 5, 0, 3, 7, 0, 0, 6, 6, 3, 7, 0, 7, 1, 7, 6, 4, 4, 2, 4, 2, 3, 1, 3, 5, 7, 6]",34.9738121,34.60952759
"[3, 3, 3, 3, 5, 5, 5, 5, 1, 1, 3, 2, 3, 4, 0, 0, 4, 5, 2, 1, 1, 3, 3, 3, 2, 2, 7, 0]",29.35663033,26.18968201
"[5, 7, 6, 7, 4, 3, 4, 3, 1, 3, 2, 0, 5, 3, 6, 2, 6, 5, 7, 7, 5, 6, 2, 0, 1, 1, 5, 5]",34.95030975,34.67691422
"[6, 4, 0, 4, 0, 3, 2, 2, 6, 2, 6, 5, 4, 0, 4, 2, 2, 0, 1, 5, 0, 7, 7, 5, 1, 6, 3, 4]",35.1874733,34.69486237
"[0, 2, 0, 6, 1, 5, 7, 2, 0, 7, 3, 7, 1, 6, 5, 4, 0, 5, 3, 7, 6, 4, 3, 5, 3, 2, 0, 0]",34.11472321,33.71072006
"[5, 2, 7, 7, 5, 0, 4, 2, 4, 3, 7, 2, 2, 5, 2, 7, 5, 6, 2, 2, 7, 2, 6, 5, 7, 0, 1, 5]",29.88768005,28.94129181
"[5, 1, 1, 5, 3, 4, 1, 1, 3, 1, 4, 3, 0, 4, 4, 6, 1, 0, 7, 5, 3, 4, 2, 0, 3, 0, 2, 5]",34.72970581,34.48945618
"[1, 3, 2, 2, 5, 6, 4, 5, 6, 2, 2, 2, 4, 4, 5, 5, 7, 2, 3, 0, 7, 4, 5, 2, 4, 6, 2, 2]",35.28810501,35.03892136
"[1, 7, 5, 5, 7, 6, 3, 6, 4, 0, 0, 0, 5, 7, 6, 7, 6, 6, 1, 1, 2, 0, 4, 2, 4, 1, 2, 4]",35.82791138,35.02891541
"[4, 1, 6, 0, 5, 3, 2, 7, 2, 1, 5, 4, 7, 5, 2, 6, 3, 1, 7, 2, 3, 5, 3, 3, 2, 6, 5, 1]",29.40926933,28.67978859
"[1, 2, 6, 2, 1, 2, 7, 6, 6, 0, 7, 3, 6, 4, 1, 7, 1, 2, 5, 0, 7, 1, 7, 7, 3, 5, 0, 5]",34.44512939,32.36154175
"[0, 5, 4, 7, 6, 2, 3, 1, 7, 2, 6, 0, 0, 1, 4, 1, 5, 3, 1, 1, 5, 0, 0, 0, 1, 5, 4, 2]",31.43912506,30.57501793
"[4, 6, 6, 2, 4, 4, 3, 5, 1, 2, 6, 2, 3, 1, 1, 7, 5, 3, 3, 4, 4, 3, 6, 3, 6, 2, 6, 4]",12.06627846,12.24755859
"[0, 0, 2, 4, 6, 2, 6, 5, 6, 4, 2, 0, 0, 4, 7, 7, 4, 2, 2, 4, 6, 6, 7, 7, 7, 4, 7, 2]",32.20306778,24.35506821
"[1, 3, 0, 2, 7, 3, 0, 1, 3, 6, 3, 5, 1, 5, 3, 0, 2, 7, 5, 4, 5, 0, 5, 0, 4, 2, 4, 4]",35.09066391,34.08781052
"[4, 6, 5, 1, 2, 7, 0, 2, 4, 6, 7, 2, 6, 5, 2, 4, 0, 0, 7, 6, 4, 2, 2, 1, 2, 7, 2, 7]",34.51808167,33.95476913
"[1, 3, 0, 6, 3, 1, 0, 4, 7, 2, 3, 5, 1, 1, 4, 3, 4, 6, 2, 5, 4, 5, 4, 0, 6, 2, 6, 1]",33.85775375,31.99170685
"[5, 4, 7, 1, 0, 1, 3, 0, 4, 6, 0, 5, 2, 3, 4, 5, 2, 2, 2, 3, 5, 5, 3, 5, 0, 3, 5, 6]",34.76406479,33.93093491
"[5, 0, 2, 0, 7, 4, 1, 3, 5, 5, 2, 2, 2, 7, 5, 3, 5, 0, 7, 3, 1, 6, 6, 6, 5, 0, 2, 4]",34.64111328,33.93667984
"[2, 5, 1, 3, 5, 6, 0, 3, 3, 2, 1, 4, 5, 0, 1, 1, 0, 4, 2, 0, 1, 6, 1, 3, 7, 4, 3, 6]",34.52163315,33.63358307
"[0, 1, 3, 5, 4, 3, 3, 3, 3, 5, 4, 5, 7, 2, 0, 7, 1, 5, 6, 6, 4, 5, 7, 2, 4, 6, 1, 3]",29.81140137,28.92619896
"[1, 2, 4, 1, 0, 6, 6, 5, 6, 6, 4, 5, 4, 1, 6, 2, 6, 7, 6, 4, 1, 1, 7, 7, 3, 4, 3, 7]",29.2312851,29.32356071
"[4, 1, 0, 7, 2, 3, 2, 6, 4, 2, 6, 3, 7, 6, 7, 2, 7, 5, 2, 5, 4, 2, 6, 0, 5, 1, 6, 6]",29.52388,28.69254303
"[5, 5, 2, 2, 6, 0, 2, 1, 6, 3, 5, 6, 1, 3, 4, 3, 4, 5, 6, 6, 2, 7, 7, 4, 5, 4, 2, 2]",29.75488663,28.04734421
"[3, 0, 1, 4, 1, 3, 3, 2, 5, 7, 6, 3, 4, 2, 0, 5, 2, 6, 4, 4, 2, 7, 6, 1, 3, 7, 0, 0]",34.78857422,33.53064346
"[6, 2, 5, 3, 0, 6, 4, 6, 7, 6, 7, 1, 7, 1, 0, 7, 0, 5, 5, 6, 3, 5, 3, 7, 2, 4, 7, 4]",inf,34.12666702
"[6, 4, 1, 3, 1, 1, 7, 5, 3, 2, 6, 1, 4, 4, 4, 1, 6, 5, 1, 7, 7, 5, 4, 1, 1, 2, 6, 6]",34.64080429,34.19005585
"[5, 5, 3, 7, 1, 4, 6, 0, 0, 0, 6, 1, 0, 0, 7, 0, 6, 2, 7, 5, 0, 6, 1, 7, 6, 5, 1, 7]",29.71425056,30.01639557
"[0, 1, 0, 6, 3, 0, 2, 4, 2, 4, 0, 3, 1, 2, 6, 2, 3, 2, 5, 7, 7, 7, 3, 6, 1, 4, 4, 5]",34.56940842,34.00323486
"[2, 7, 7, 1, 5, 1, 6, 7, 2, 1, 1, 1, 5, 2, 3, 0, 3, 5, 5, 1, 6, 4, 1, 5, 4, 4, 3, 2]",34.32865906,33.88328552
"[6, 7, 4, 2, 5, 1, 2, 7, 7, 0, 4, 2, 6, 0, 5, 5, 3, 4, 4, 2, 3, 1, 2, 2, 0, 2, 0, 3]",34.88775253,29.28183556
"[6, 7, 6, 2, 1, 3, 3, 2, 5, 5, 0, 2, 4, 4, 6, 1, 4, 3, 4, 3, 0, 6, 2, 4, 1, 5, 3, 2]",34.16009521,32.67156219
"[1, 6, 4, 0, 5, 4, 4, 2, 3, 3, 4, 3, 6, 1, 4, 0, 1, 4, 6, 2, 1, 4, 6, 1, 0, 1, 3, 6]",34.05262756,33.29601669
"[1, 3, 4, 0, 6, 6, 1, 5, 1, 7, 6, 0, 0, 3, 6, 2, 4, 3, 0, 6, 7, 3, 7, 0, 4, 3, 1, 6]",32.98400879,27.37008286
"[3, 3, 5, 7, 2, 4, 0, 3, 3, 2, 4, 3, 4, 7, 5, 2, 3, 3, 5, 3, 7, 2, 1, 1, 7, 1, 0, 2]",33.86156082,33.89291
"[6, 6, 4, 0, 4, 4, 0, 5, 6, 1, 4, 2, 7, 0, 3, 1, 2, 7, 5, 6, 0, 1, 0, 0, 1, 2, 5, 7]",34.0661087,32.92976761
"[5, 4, 7, 0, 2, 0, 4, 2, 6, 1, 5, 6, 1, 3, 6, 6, 2, 0, 7, 1, 0, 4, 1, 4, 0, 4, 7, 5]",34.77344131,34.36434174
"[6, 0, 1, 5, 6, 6, 5, 5, 0, 5, 5, 7, 4, 2, 3, 4, 7, 3, 5, 4, 3, 7, 7, 2, 3, 2, 3, 7]",35.05703735,33.44655991
"[7, 1, 7, 6, 3, 3, 5, 1, 7, 7, 5, 4, 7, 2, 4, 2, 0, 2, 2, 6, 6, 1, 3, 7, 0, 4, 7, 4]",29.71220589,28.90462112
"[6, 0, 6, 5, 6, 0, 6, 7, 1, 5, 0, 1, 1, 0, 6, 6, 2, 4, 4, 2, 2, 7, 6, 6, 7, 2, 1, 0]",35.12847137,34.71745682
"[7, 0, 5, 7, 3, 5, 3, 0, 7, 3, 5, 0, 7, 7, 0, 1, 0, 1, 4, 5, 7, 5, 2, 7, 4, 1, 6, 5]",33.04676056,33.12437057
"[0, 6, 4, 1, 0, 6, 1, 5, 2, 7, 6, 1, 2, 7, 2, 0, 6, 0, 0, 5, 1, 1, 6, 2, 0, 3, 7, 7]",34.771595,34.25862885
"[7, 7, 1, 1, 1, 3, 6, 1, 0, 5, 5, 4, 0, 2, 7, 2, 3, 7, 2, 2, 0, 1, 6, 7, 1, 3, 1, 0]",34.3443718,33.03220749
"[3, 5, 7, 6, 1, 7, 6, 6, 0, 2, 5, 1, 6, 7, 6, 7, 5, 1, 5, 7, 3, 1, 0, 2, 3, 2, 5, 4]",34.02991867,33.22052765
"[1, 4, 2, 7, 6, 1, 6, 7, 1, 0, 6, 1, 5, 5, 7, 0, 0, 3, 4, 5, 1, 5, 4, 0, 3, 4, 6, 3]",33.66424942,33.88160706
"[5, 0, 3, 4, 7, 6, 4, 1, 4, 3, 7, 5, 0, 3, 0, 5, 5, 4, 1, 6, 1, 3, 3, 6, 6, 6, 5, 4]",35.25944519,34.7339325
"[2, 0, 0, 3, 4, 4, 5, 0, 0, 4, 5, 3, 2, 6, 4, 4, 1, 5, 5, 1, 3, 1, 5, 6, 3, 5, 7, 1]",34.59615326,33.62718201
"[6, 1, 4, 6, 5, 5, 1, 0, 3, 4, 6, 0, 2, 2, 1, 3, 6, 6, 5, 2, 1, 6, 4, 6, 7, 6, 6, 7]",34.70740128,35.09112549
"[2, 4, 2, 2, 7, 5, 7, 5, 2, 6, 5, 0, 7, 5, 1, 1, 2, 3, 6, 4, 3, 5, 2, 2, 7, 7, 3, 2]",28.97483444,27.95747948
"[2, 1, 0, 2, 6, 1, 2, 6, 3, 2, 7, 6, 3, 7, 7, 1, 7, 3, 1, 7, 4, 1, 1, 3, 3, 4, 1, 2]",36.02765274,33.89809799
"[6, 6, 2, 4, 4, 4, 1, 1, 7, 0, 1, 1, 5, 0, 2, 2, 3, 2, 2, 2, 3, 4, 6, 6, 0, 0, 2, 2]",34.12694931,34.26244354
"[2, 5, 5, 0, 0, 5, 0, 4, 4, 6, 2, 7, 0, 4, 5, 4, 1, 6, 6, 5, 3, 0, 7, 1, 6, 6, 6, 0]",34.72877121,31.66066551
"[3, 0, 5, 4, 2, 6, 2, 6, 3, 7, 2, 4, 4, 7, 7, 2, 6, 2, 1, 2, 7, 7, 5, 4, 0, 4, 5, 4]",35.02481842,34.80924988
"[2, 4, 4, 7, 3, 5, 0, 3, 5, 1, 2, 2, 2, 1, 7, 2, 2, 1, 0, 5, 0, 0, 0, 7, 6, 1, 6, 7]",32.86943054,30.5255909
"[4, 6, 3, 7, 5, 0, 7, 0, 1, 1, 4, 2, 4, 0, 4, 7, 0, 3, 6, 1, 5, 1, 7, 3, 2, 5, 3, 2]",33.400383,32.28647995
"[1, 4, 2, 3, 2, 3, 3, 3, 2, 1, 0, 5, 6, 2, 6, 6, 4, 4, 4, 5, 2, 6, 6, 0, 0, 4, 1, 3]",29.29028893,28.00058365
"[4, 0, 5, 2, 2, 6, 0, 0, 0, 6, 6, 0, 7, 6, 7, 0, 4, 1, 3, 1, 7, 5, 4, 3, 7, 4, 5, 5]",33.51231003,33.25314331
"[5, 7, 1, 7, 7, 7, 1, 5, 3, 6, 4, 1, 7, 1, 6, 0, 5, 2, 1, 3, 5, 1, 4, 1, 1, 6, 6, 0]",34.39554596,31.81783867
"[0, 3, 4, 0, 2, 0, 3, 1, 3, 7, 1, 3, 1, 5, 4, 0, 3, 1, 2, 0, 7, 6, 1, 5, 0, 7, 1, 5]",33.95566177,29.12580299
"[3, 3, 1, 4, 7, 2, 3, 1, 1, 3, 1, 0, 3, 7, 4, 7, 2, 3, 2, 5, 1, 0, 0, 0, 5, 1, 3, 3]",33.91269684,33.22207642
"[2, 4, 6, 4, 7, 6, 2, 4, 7, 6, 2, 6, 7, 6, 3, 7, 1, 6, 4, 7, 6, 0, 7, 3, 7, 2, 3, 7]",34.48907089,33.60746002
"[0, 0, 5, 4, 1, 1, 5, 7, 2, 6, 4, 3, 0, 2, 3, 2, 4, 3, 5, 1, 6, 5, 7, 3, 7, 6, 0, 5]",34.28017044,33.71390533
"[7, 6, 1, 6, 0, 1, 6, 6, 3, 1, 0, 7, 6, 7, 2, 0, 7, 5, 7, 1, 0, 2, 6, 4, 5, 1, 0, 2]",inf,33.90637207
"[6, 2, 7, 1, 7, 6, 4, 1, 1, 4, 2, 3, 2, 7, 2, 3, 3, 1, 1, 1, 7, 1, 7, 3, 5, 6, 0, 2]",33.39418411,33.12568665
"[1, 6, 4, 0, 5, 4, 4, 2, 3, 3, 4, 3, 6, 1, 4, 0, 1, 4, 6, 2, 1, 4, 6, 1, 0, 1, 3, 6]",34.10686493,33.74553299
"[1, 3, 4, 0, 6, 6, 1, 5, 1, 7, 6, 0, 0, 3, 6, 2, 4, 3, 0, 6, 7, 3, 7, 0, 4, 3, 1, 6]",33.7313385,33.42416
"[3, 3, 5, 7, 2, 4, 0, 3, 3, 2, 4, 3, 4, 7, 5, 2, 3, 3, 5, 3, 7, 2, 1, 1, 7, 1, 0, 2]",34.16528702,32.194561
"[6, 6, 4, 0, 4, 4, 0, 5, 6, 1, 4, 2, 7, 0, 3, 1, 2, 7, 5, 6, 0, 1, 0, 0, 1, 2, 5, 7]",34.63114548,32.04854965
"[5, 4, 7, 0, 2, 0, 4, 2, 6, 1, 5, 6, 1, 3, 6, 6, 2, 0, 7, 1, 0, 4, 1, 4, 0, 4, 7, 5]",34.74571991,34.53684235
"[6, 0, 1, 5, 6, 6, 5, 5, 0, 5, 5, 7, 4, 2, 3, 4, 7, 3, 5, 4, 3, 7, 7, 2, 3, 2, 3, 7]",34.73065567,33.82004166
"[7, 1, 7, 6, 3, 3, 5, 1, 7, 7, 5, 4, 7, 2, 4, 2, 0, 2, 2, 6, 6, 1, 3, 7, 0, 4, 7, 4]",31.57621384,32.65175629
"[6, 0, 6, 5, 6, 0, 6, 7, 1, 5, 0, 1, 1, 0, 6, 6, 2, 4, 4, 2, 2, 7, 6, 6, 7, 2, 1, 0]",35.04573822,34.09005356
"[7, 0, 5, 7, 3, 5, 3, 0, 7, 3, 5, 0, 7, 7, 0, 1, 0, 1, 4, 5, 7, 5, 2, 7, 4, 1, 6, 5]",29.93143463,29.40612411
"[0, 6, 4, 1, 0, 6, 1, 5, 2, 7, 6, 1, 2, 7, 2, 0, 6, 0, 0, 5, 1, 1, 6, 2, 0, 3, 7, 7]",34.43606949,33.899086
"[7, 7, 1, 1, 1, 3, 6, 1, 0, 5, 5, 4, 0, 2, 7, 2, 3, 7, 2, 2, 0, 1, 6, 7, 1, 3, 1, 0]",34.83081818,32.06830215
"[3, 5, 7, 6, 1, 7, 6, 6, 0, 2, 5, 1, 6, 7, 6, 7, 5, 1, 5, 7, 3, 1, 0, 2, 3, 2, 5, 4]",33.85999298,33.65800858
"[1, 4, 2, 7, 6, 1, 6, 7, 1, 0, 6, 1, 5, 5, 7, 0, 0, 3, 4, 5, 1, 5, 4, 0, 3, 4, 6, 3]",33.86968613,33.67479706
"[5, 0, 3, 4, 7, 6, 4, 1, 4, 3, 7, 5, 0, 3, 0, 5, 5, 4, 1, 6, 1, 3, 3, 6, 6, 6, 5, 4]",35.07048035,34.5606041
"[2, 0, 0, 3, 4, 4, 5, 0, 0, 4, 5, 3, 2, 6, 4, 4, 1, 5, 5, 1, 3, 1, 5, 6, 3, 5, 7, 1]",34.23916245,34.17557907
"[6, 1, 4, 6, 5, 5, 1, 0, 3, 4, 6, 0, 2, 2, 1, 3, 6, 6, 5, 2, 1, 6, 4, 6, 7, 6, 6, 7]",31.44028664,32.41284561
"[2, 4, 2, 2, 7, 5, 7, 5, 2, 6, 5, 0, 7, 5, 1, 1, 2, 3, 6, 4, 3, 5, 2, 2, 7, 7, 3, 2]",29.11396027,29.36637497
"[2, 1, 0, 2, 6, 1, 2, 6, 3, 2, 7, 6, 3, 7, 7, 1, 7, 3, 1, 7, 4, 1, 1, 3, 3, 4, 1, 2]",36.05496216,35.20917511
"[6, 6, 2, 4, 4, 4, 1, 1, 7, 0, 1, 1, 5, 0, 2, 2, 3, 2, 2, 2, 3, 4, 6, 6, 0, 0, 2, 2]",34.47101593,34.03603363
"[2, 5, 5, 0, 0, 5, 0, 4, 4, 6, 2, 7, 0, 4, 5, 4, 1, 6, 6, 5, 3, 0, 7, 1, 6, 6, 6, 0]",34.65803146,33.10363388
"[3, 0, 5, 4, 2, 6, 2, 6, 3, 7, 2, 4, 4, 7, 7, 2, 6, 2, 1, 2, 7, 7, 5, 4, 0, 4, 5, 4]",35.20028305,34.2731514
"[2, 4, 4, 7, 3, 5, 0, 3, 5, 1, 2, 2, 2, 1, 7, 2, 2, 1, 0, 5, 0, 0, 0, 7, 6, 1, 6, 7]",32.76268005,33.00253677
"[4, 6, 3, 7, 5, 0, 7, 0, 1, 1, 4, 2, 4, 0, 4, 7, 0, 3, 6, 1, 5, 1, 7, 3, 2, 5, 3, 2]",33.40311432,33.20550156
"[1, 4, 2, 3, 2, 3, 3, 3, 2, 1, 0, 5, 6, 2, 6, 6, 4, 4, 4, 5, 2, 6, 6, 0, 0, 4, 1, 3]",29.08176613,26.95811081
"[4, 0, 5, 2, 2, 6, 0, 0, 0, 6, 6, 0, 7, 6, 7, 0, 4, 1, 3, 1, 7, 5, 4, 3, 7, 4, 5, 5]",33.02059555,30.22972679
"[5, 7, 1, 7, 7, 7, 1, 5, 3, 6, 4, 1, 7, 1, 6, 0, 5, 2, 1, 3, 5, 1, 4, 1, 1, 6, 6, 0]",34.37741089,33.52194214
"[0, 3, 4, 0, 2, 0, 3, 1, 3, 7, 1, 3, 1, 5, 4, 0, 3, 1, 2, 0, 7, 6, 1, 5, 0, 7, 1, 5]",29.46051407,29.27492905
"[3, 3, 1, 4, 7, 2, 3, 1, 1, 3, 1, 0, 3, 7, 4, 7, 2, 3, 2, 5, 1, 0, 0, 0, 5, 1, 3, 3]",34.54202271,34.37789917
"[2, 4, 6, 4, 7, 6, 2, 4, 7, 6, 2, 6, 7, 6, 3, 7, 1, 6, 4, 7, 6, 0, 7, 3, 7, 2, 3, 7]",33.99593735,33.14759445
"[0, 0, 5, 4, 1, 1, 5, 7, 2, 6, 4, 3, 0, 2, 3, 2, 4, 3, 5, 1, 6, 5, 7, 3, 7, 6, 0, 5]",33.59939575,32.89970016
"[7, 6, 1, 6, 0, 1, 6, 6, 3, 1, 0, 7, 6, 7, 2, 0, 7, 5, 7, 1, 0, 2, 6, 4, 5, 1, 0, 2]",35.40960693,34.55006409
"[6, 2, 7, 1, 7, 6, 4, 1, 1, 4, 2, 3, 2, 7, 2, 3, 3, 1, 1, 1, 7, 1, 7, 3, 5, 6, 0, 2]",34.41379166,26.25995827
"[5, 0, 6, 7, 4, 1, 5, 3, 4, 4, 1, 5, 7, 7, 7, 5, 5, 6, 0, 1, 5, 3, 2, 4, 7, 7, 4, 0]",34.68199921,34.46778107
"[5, 7, 0, 2, 5, 5, 3, 7, 0, 1, 2, 2, 4, 4, 1, 3, 3, 5, 0, 3, 2, 0, 3, 2, 7, 3, 3, 5]",34.93232346,34.17256546
"[1, 3, 2, 5, 2, 1, 0, 0, 0, 7, 6, 1, 2, 6, 0, 5, 3, 1, 3, 0, 5, 0, 6, 4, 5, 4, 3, 2]",33.34366989,32.81719971
"[3, 2, 2, 0, 7, 3, 2, 5, 4, 5, 7, 1, 4, 2, 6, 5, 0, 5, 5, 7, 3, 7, 1, 7, 2, 7, 1, 2]",34.53325653,34.11824799
"[6, 1, 3, 5, 6, 0, 4, 1, 1, 2, 2, 3, 4, 2, 4, 0, 6, 4, 2, 3, 6, 3, 6, 6, 1, 2, 2, 1]",34.55524826,34.14276505
"[7, 0, 7, 4, 6, 3, 6, 0, 3, 0, 6, 5, 4, 6, 1, 3, 6, 0, 5, 2, 3, 7, 7, 2, 7, 5, 6, 4]",34.44900894,31.40700531
"[0, 3, 0, 6, 0, 6, 5, 0, 3, 6, 6, 4, 7, 5, 4, 3, 3, 5, 7, 0, 7, 4, 7, 5, 4, 0, 5, 5]",34.77200699,32.68993759
"[4, 0, 3, 1, 0, 7, 7, 7, 7, 2, 0, 5, 4, 2, 5, 7, 2, 6, 6, 5, 3, 3, 2, 5, 4, 1, 5, 7]",33.18566513,32.38856506
"[4, 7, 1, 5, 6, 2, 4, 6, 3, 6, 0, 0, 3, 2, 5, 2, 3, 7, 0, 1, 2, 5, 4, 3, 4, 6, 6, 0]",34.12290573,32.02685165
"[0, 7, 6, 3, 7, 0, 2, 2, 5, 7, 3, 6, 0, 2, 1, 2, 1, 2, 6, 7, 2, 1, 3, 2, 2, 7, 2, 1]",33.68873215,33.33966827
"[3, 3, 3, 2, 7, 3, 5, 6, 6, 2, 2, 4, 6, 0, 3, 0, 6, 6, 1, 4, 7, 4, 2, 6, 2, 1, 2, 4]",34.30283356,34.21195984
"[4, 7, 3, 4, 0, 5, 4, 0, 2, 1, 2, 5, 5, 0, 1, 0, 3, 6, 3, 0, 4, 6, 0, 1, 0, 6, 0, 1]",34.56248474,33.95908356
"[0, 5, 7, 6, 5, 4, 7, 4, 5, 4, 1, 5, 3, 4, 6, 5, 3, 2, 2, 5, 1, 3, 6, 1, 5, 4, 3, 3]",28.80197716,27.06224442
"[2, 2, 6, 4, 6, 1, 1, 4, 0, 3, 2, 3, 6, 7, 6, 0, 7, 6, 6, 2, 5, 4, 5, 6, 4, 2, 4, 4]",34.43175888,33.14170074
"[1, 7, 3, 3, 7, 2, 2, 2, 4, 5, 6, 0, 5, 2, 3, 0, 2, 1, 5, 2, 5, 4, 0, 4, 1, 1, 0, 6]",34.87280273,34.46136856
"[6, 3, 5, 2, 0, 0, 3, 4, 6, 6, 1, 1, 2, 3, 1, 5, 6, 2, 7, 7, 1, 0, 7, 5, 2, 0, 3, 3]",34.18994141,32.58068466
"[0, 4, 6, 2, 0, 3, 4, 1, 6, 6, 0, 3, 7, 7, 3, 1, 5, 5, 7, 1, 2, 1, 0, 7, 1, 7, 5, 7]",33.47579193,33.32676697
"[3, 6, 3, 5, 3, 4, 0, 5, 1, 7, 7, 7, 2, 6, 5, 6, 0, 4, 5, 4, 1, 0, 6, 4, 1, 2, 7, 2]",35.21940994,35.0288887
"[0, 6, 3, 4, 4, 7, 4, 1, 0, 2, 6, 1, 4, 2, 4, 0, 2, 7, 1, 2, 0, 5, 0, 3, 6, 2, 7, 6]",34.33055115,31.58000374
"[3, 6, 6, 3, 2, 3, 2, 7, 6, 0, 4, 1, 3, 1, 0, 3, 5, 1, 5, 1, 6, 5, 2, 7, 3, 2, 1, 6]",31.02337074,29.8266964
"[3, 6, 7, 3, 6, 1, 4, 4, 3, 4, 0, 1, 2, 2, 7, 1, 1, 4, 7, 5, 6, 3, 5, 0, 2, 5, 2, 6]",33.45893478,33.50159073
"[1, 1, 0, 4, 7, 0, 0, 7, 3, 5, 4, 6, 6, 7, 4, 1, 0, 0, 1, 4, 6, 3, 2, 1, 2, 2, 2, 5]",35.03717041,34.31739807
"[1, 1, 3, 6, 1, 0, 7, 4, 0, 5, 7, 1, 7, 3, 2, 6, 7, 7, 4, 1, 3, 1, 3, 4, 7, 3, 1, 4]",33.80488968,33.78682327
"[2, 1, 6, 2, 1, 4, 3, 4, 5, 7, 1, 5, 4, 5, 5, 6, 6, 3, 2, 0, 0, 1, 2, 5, 1, 0, 3, 3]",29.59557343,27.90341568
"[0, 6, 7, 1, 5, 6, 0, 0, 7, 3, 7, 2, 4, 7, 6, 2, 7, 0, 1, 4, 7, 5, 0, 0, 1, 4, 0, 1]",35.63444138,34.90961838
"[5, 2, 6, 0, 1, 6, 6, 5, 4, 5, 5, 3, 3, 4, 7, 4, 0, 4, 6, 4, 1, 5, 3, 3, 1, 0, 7, 2]",33.68671799,32.91123199
"[5, 3, 2, 2, 6, 1, 1, 6, 2, 2, 5, 4, 7, 1, 7, 5, 2, 0, 4, 6, 7, 1, 1, 2, 4, 6, 4, 6]",33.79601288,33.32112122
"[2, 6, 0, 2, 5, 5, 1, 0, 3, 3, 2, 0, 5, 7, 7, 0, 2, 2, 0, 3, 6, 3, 1, 2, 5, 5, 3, 2]",34.503685,34.09568405
"[6, 1, 6, 2, 5, 1, 2, 0, 4, 3, 3, 3, 1, 5, 2, 2, 5, 7, 6, 7, 0, 7, 3, 0, 6, 2, 2, 3]",32.77183533,32.42180252
"[5, 3, 2, 1, 6, 3, 7, 2, 1, 7, 6, 5, 5, 5, 4, 5, 3, 4, 7, 6, 3, 2, 2, 5, 1, 3, 0, 6]",33.89331818,33.25782394
"[1, 7, 5, 4, 1, 3, 4, 7, 5, 0, 3, 5, 5, 3, 7, 2, 3, 7, 0, 3, 3, 0, 7, 7, 4, 5, 5, 2]",35.14951324,34.32754517
"[4, 1, 3, 2, 1, 2, 4, 4, 6, 5, 3, 7, 3, 4, 4, 4, 0, 3, 1, 4, 0, 7, 1, 1, 0, 6, 4, 2]",29.26161194,29.08372116
"[5, 7, 1, 5, 4, 7, 6, 6, 2, 1, 6, 4, 1, 7, 7, 4, 6, 4, 1, 6, 6, 0, 4, 2, 2, 4, 5, 2]",35.01983643,34.49765015
"[5, 7, 1, 5, 4, 7, 6, 6, 2, 1, 6, 4, 1, 7, 7, 4, 6, 4, 1, 6, 6, 0, 4, 2, 2, 4, 5, 2]",35.0854187,34.66871262
"[3, 6, 5, 3, 4, 4, 5, 3, 2, 6, 4, 7, 6, 3, 1, 3, 6, 1, 0, 3, 7, 5, 6, 5, 6, 3, 1, 4]",32.82139587,32.98338318
"[1, 7, 4, 7, 2, 0, 4, 3, 3, 4, 1, 7, 1, 3, 1, 1, 1, 6, 0, 6, 5, 7, 1, 5, 2, 7, 0, 1]",34.43891144,30.5673027
"[2, 4, 5, 4, 1, 0, 3, 7, 5, 2, 3, 0, 2, 6, 0, 3, 1, 7, 4, 5, 4, 5, 2, 6, 4, 4, 5, 4]",34.46130753,33.82150269
"[2, 7, 1, 7, 5, 2, 0, 0, 6, 7, 1, 1, 5, 5, 2, 1, 2, 4, 0, 3, 6, 7, 1, 5, 6, 6, 7, 3]",34.50915909,34.18515778
"[0, 2, 3, 1, 7, 3, 2, 0, 4, 6, 6, 2, 2, 6, 6, 7, 3, 5, 1, 5, 0, 1, 6, 1, 1, 0, 3, 0]",34.16950226,33.62968063
"[0, 0, 2, 3, 1, 5, 3, 6, 6, 6, 3, 7, 4, 5, 4, 2, 3, 6, 6, 5, 6, 7, 7, 7, 6, 7, 6, 1]",28.58789063,28.2028923
"[3, 7, 0, 3, 5, 0, 3, 4, 0, 7, 2, 4, 3, 3, 4, 7, 0, 6, 3, 7, 2, 1, 7, 5, 0, 0, 0, 6]",35.90802383,35.38462067
"[0, 5, 3, 1, 0, 3, 6, 7, 5, 4, 4, 3, 7, 1, 0, 0, 6, 6, 1, 2, 1, 4, 7, 6, 4, 0, 1, 3]",34.22813416,33.56902313
"[7, 5, 7, 2, 1, 6, 5, 0, 4, 0, 7, 2, 3, 2, 3, 7, 5, 5, 6, 0, 2, 2, 6, 2, 2, 1, 5, 3]",28.7757206,25.28275681
"[3, 0, 6, 7, 6, 3, 1, 4, 2, 1, 1, 6, 7, 2, 1, 3, 7, 6, 4, 7, 6, 7, 6, 2, 0, 2, 5, 7]",34.43802643,33.62052155
"[6, 7, 1, 6, 4, 3, 6, 3, 3, 5, 3, 3, 0, 5, 1, 2, 6, 3, 7, 2, 7, 5, 5, 6, 6, 0, 7, 7]",32.70967102,32.52424622
"[0, 6, 3, 1, 2, 5, 7, 3, 3, 1, 2, 3, 3, 4, 7, 5, 0, 5, 6, 6, 3, 6, 1, 5, 7, 0, 1, 7]",33.58094406,33.03632736
"[3, 6, 2, 1, 3, 7, 4, 1, 7, 1, 5, 3, 6, 3, 0, 4, 5, 2, 3, 4, 3, 3, 3, 6, 4, 6, 1, 3]",29.23913956,28.98705482
"[0, 7, 6, 0, 5, 6, 2, 3, 7, 4, 3, 4, 5, 6, 2, 2, 4, 2, 1, 2, 3, 7, 5, 4, 3, 3, 5, 3]",32.97610092,31.23149872
"[0, 7, 6, 7, 4, 0, 4, 1, 7, 1, 0, 2, 7, 3, 7, 1, 5, 4, 1, 7, 4, 2, 2, 6, 1, 5, 5, 4]",34.07012177,33.70043182
"[1, 5, 3, 7, 2, 0, 1, 2, 0, 7, 2, 6, 7, 1, 3, 7, 0, 6, 4, 1, 7, 0, 2, 7, 4, 6, 6, 3]",29.60391617,27.87084007
"[0, 5, 2, 4, 7, 1, 7, 7, 3, 2, 6, 2, 0, 6, 6, 7, 7, 3, 1, 2, 0, 6, 7, 4, 2, 0, 1, 1]",34.71941376,34.26301193
"[3, 2, 2, 2, 4, 7, 1, 2, 1, 7, 5, 6, 0, 6, 5, 5, 6, 2, 7, 2, 5, 7, 6, 1, 0, 0, 7, 1]",inf,26.37805939
"[0, 0, 6, 3, 6, 0, 1, 0, 0, 5, 4, 7, 3, 6, 3, 6, 6, 0, 4, 0, 6, 2, 2, 2, 3, 1, 2, 1]",30.32329559,30.77309608
"[2, 0, 1, 1, 3, 4, 3, 4, 4, 6, 4, 1, 6, 1, 1, 1, 6, 2, 3, 5, 2, 6, 3, 7, 5, 4, 0, 6]",34.27304077,33.82754517
"[4, 6, 3, 3, 1, 7, 4, 0, 6, 1, 1, 2, 1, 5, 0, 1, 3, 5, 3, 6, 6, 6, 6, 3, 1, 1, 4, 6]",33.80203247,33.72119522
"[3, 6, 0, 0, 1, 3, 7, 2, 6, 3, 2, 3, 7, 3, 5, 4, 5, 4, 6, 3, 6, 2, 5, 7, 4, 0, 0, 4]",33.52103806,33.09254074
"[2, 2, 7, 3, 5, 7, 2, 2, 7, 0, 1, 3, 3, 1, 6, 6, 7, 0, 1, 4, 7, 0, 4, 0, 2, 6, 3, 5]",28.9371891,24.75846481
"[0, 4, 4, 3, 3, 7, 6, 5, 2, 3, 5, 6, 6, 4, 2, 7, 1, 3, 3, 7, 2, 0, 5, 1, 0, 1, 2, 1]",33.58514023,33.44331741
"[3, 6, 3, 6, 0, 4, 4, 7, 6, 2, 0, 7, 2, 6, 3, 4, 3, 2, 5, 3, 6, 2, 6, 1, 0, 3, 4, 1]",34.62704849,34.68004227
"[2, 0, 4, 4, 2, 5, 0, 2, 6, 5, 0, 1, 5, 6, 6, 0, 5, 5, 0, 3, 7, 5, 2, 2, 5, 6, 1, 5]",34.86662292,33.04336548
"[5, 4, 2, 5, 4, 6, 6, 0, 4, 3, 4, 6, 3, 3, 4, 6, 7, 0, 2, 2, 0, 4, 7, 5, 3, 3, 2, 7]",29.84776688,29.353302
"[5, 5, 1, 3, 2, 6, 6, 3, 7, 4, 4, 0, 7, 5, 1, 2, 0, 2, 3, 1, 3, 1, 6, 5, 6, 0, 3, 5]",29.17621231,26.06314659
"[4, 3, 5, 3, 6, 6, 6, 6, 0, 1, 5, 4, 2, 6, 6, 1, 1, 4, 0, 3, 4, 2, 5, 7, 2, 4, 5, 1]",29.15305901,28.48327637
"[3, 3, 4, 1, 3, 0, 3, 2, 3, 3, 5, 0, 2, 1, 6, 5, 7, 0, 7, 4, 3, 6, 3, 0, 4, 6, 6, 0]",34.23278809,33.74977875
"[7, 2, 0, 6, 3, 0, 6, 4, 5, 6, 4, 6, 5, 1, 6, 4, 4, 3, 5, 7, 7, 1, 1, 0, 3, 1, 7, 0]",34.13300705,34.06633377
"[5, 7, 1, 5, 4, 7, 6, 6, 2, 1, 6, 4, 1, 7, 7, 4, 6, 4, 1, 6, 6, 0, 4, 2, 2, 4, 5, 2]",35.18031693,34.82865906
"[3, 6, 5, 3, 4, 4, 5, 3, 2, 6, 4, 7, 6, 3, 1, 3, 6, 1, 0, 3, 7, 5, 6, 5, 6, 3, 1, 4]",31.69458008,32.60687637
"[1, 7, 4, 7, 2, 0, 4, 3, 3, 4, 1, 7, 1, 3, 1, 1, 1, 6, 0, 6, 5, 7, 1, 5, 2, 7, 0, 1]",34.40567017,33.83629227
"[2, 4, 5, 4, 1, 0, 3, 7, 5, 2, 3, 0, 2, 6, 0, 3, 1, 7, 4, 5, 4, 5, 2, 6, 4, 4, 5, 4]",34.70723343,34.38153076
"[2, 7, 1, 7, 5, 2, 0, 0, 6, 7, 1, 1, 5, 5, 2, 1, 2, 4, 0, 3, 6, 7, 1, 5, 6, 6, 7, 3]",34.08895493,32.77456665
"[0, 2, 3, 1, 7, 3, 2, 0, 4, 6, 6, 2, 2, 6, 6, 7, 3, 5, 1, 5, 0, 1, 6, 1, 1, 0, 3, 0]",34.01888657,33.47928238
"[0, 0, 2, 3, 1, 5, 3, 6, 6, 6, 3, 7, 4, 5, 4, 2, 3, 6, 6, 5, 6, 7, 7, 7, 6, 7, 6, 1]",28.99253845,28.20418358
"[3, 7, 0, 3, 5, 0, 3, 4, 0, 7, 2, 4, 3, 3, 4, 7, 0, 6, 3, 7, 2, 1, 7, 5, 0, 0, 0, 6]",35.76903915,32.98092651
"[0, 5, 3, 1, 0, 3, 6, 7, 5, 4, 4, 3, 7, 1, 0, 0, 6, 6, 1, 2, 1, 4, 7, 6, 4, 0, 1, 3]",32.76537704,32.42483139
"[7, 5, 7, 2, 1, 6, 5, 0, 4, 0, 7, 2, 3, 2, 3, 7, 5, 5, 6, 0, 2, 2, 6, 2, 2, 1, 5, 3]",28.95902443,27.00237083
"[3, 0, 6, 7, 6, 3, 1, 4, 2, 1, 1, 6, 7, 2, 1, 3, 7, 6, 4, 7, 6, 7, 6, 2, 0, 2, 5, 7]",34.49462509,31.6923027
"[6, 7, 1, 6, 4, 3, 6, 3, 3, 5, 3, 3, 0, 5, 1, 2, 6, 3, 7, 2, 7, 5, 5, 6, 6, 0, 7, 7]",32.27246475,30.04772186
"[0, 6, 3, 1, 2, 5, 7, 3, 3, 1, 2, 3, 3, 4, 7, 5, 0, 5, 6, 6, 3, 6, 1, 5, 7, 0, 1, 7]",32.97825623,32.91302109
"[3, 6, 2, 1, 3, 7, 4, 1, 7, 1, 5, 3, 6, 3, 0, 4, 5, 2, 3, 4, 3, 3, 3, 6, 4, 6, 1, 3]",32.86190414,31.31210899
"[0, 7, 6, 0, 5, 6, 2, 3, 7, 4, 3, 4, 5, 6, 2, 2, 4, 2, 1, 2, 3, 7, 5, 4, 3, 3, 5, 3]",32.42510605,33.28438187
"[0, 7, 6, 7, 4, 0, 4, 1, 7, 1, 0, 2, 7, 3, 7, 1, 5, 4, 1, 7, 4, 2, 2, 6, 1, 5, 5, 4]",34.14423752,33.90233994
"[1, 5, 3, 7, 2, 0, 1, 2, 0, 7, 2, 6, 7, 1, 3, 7, 0, 6, 4, 1, 7, 0, 2, 7, 4, 6, 6, 3]",32.77499008,30.81320953
"[0, 5, 2, 4, 7, 1, 7, 7, 3, 2, 6, 2, 0, 6, 6, 7, 7, 3, 1, 2, 0, 6, 7, 4, 2, 0, 1, 1]",34.96331406,33.35121536
"[5, 7, 1, 5, 4, 7, 6, 6, 2, 1, 6, 4, 1, 7, 7, 4, 6, 4, 1, 6, 6, 0, 4, 2, 2, 4, 5, 2]",35.19055939,34.25877762
"[3, 6, 5, 3, 4, 4, 5, 3, 2, 6, 4, 7, 6, 3, 1, 3, 6, 1, 0, 3, 7, 5, 6, 5, 6, 3, 1, 4]",32.49345398,31.34614372
"[1, 7, 4, 7, 2, 0, 4, 3, 3, 4, 1, 7, 1, 3, 1, 1, 1, 6, 0, 6, 5, 7, 1, 5, 2, 7, 0, 1]",34.36188126,33.73977661
"[2, 4, 5, 4, 1, 0, 3, 7, 5, 2, 3, 0, 2, 6, 0, 3, 1, 7, 4, 5, 4, 5, 2, 6, 4, 4, 5, 4]",34.76038361,34.40650558
"[2, 7, 1, 7, 5, 2, 0, 0, 6, 7, 1, 1, 5, 5, 2, 1, 2, 4, 0, 3, 6, 7, 1, 5, 6, 6, 7, 3]",34.77718735,34.62024307
"[0, 2, 3, 1, 7, 3, 2, 0, 4, 6, 6, 2, 2, 6, 6, 7, 3, 5, 1, 5, 0, 1, 6, 1, 1, 0, 3, 0]",30.06604576,29.13728905
"[0, 0, 2, 3, 1, 5, 3, 6, 6, 6, 3, 7, 4, 5, 4, 2, 3, 6, 6, 5, 6, 7, 7, 7, 6, 7, 6, 1]",28.53696823,23.0784874
"[3, 7, 0, 3, 5, 0, 3, 4, 0, 7, 2, 4, 3, 3, 4, 7, 0, 6, 3, 7, 2, 1, 7, 5, 0, 0, 0, 6]",35.47620392,34.62362289
"[0, 5, 3, 1, 0, 3, 6, 7, 5, 4, 4, 3, 7, 1, 0, 0, 6, 6, 1, 2, 1, 4, 7, 6, 4, 0, 1, 3]",29.94395065,29.15760994
"[7, 5, 7, 2, 1, 6, 5, 0, 4, 0, 7, 2, 3, 2, 3, 7, 5, 5, 6, 0, 2, 2, 6, 2, 2, 1, 5, 3]",28.93539619,27.36334229
"[3, 0, 6, 7, 6, 3, 1, 4, 2, 1, 1, 6, 7, 2, 1, 3, 7, 6, 4, 7, 6, 7, 6, 2, 0, 2, 5, 7]",inf,33.73402786
"[6, 7, 1, 6, 4, 3, 6, 3, 3, 5, 3, 3, 0, 5, 1, 2, 6, 3, 7, 2, 7, 5, 5, 6, 6, 0, 7, 7]",32.30155563,32.16032791
"[0, 6, 3, 1, 2, 5, 7, 3, 3, 1, 2, 3, 3, 4, 7, 5, 0, 5, 6, 6, 3, 6, 1, 5, 7, 0, 1, 7]",29.79039764,25.71682549
"[3, 6, 2, 1, 3, 7, 4, 1, 7, 1, 5, 3, 6, 3, 0, 4, 5, 2, 3, 4, 3, 3, 3, 6, 4, 6, 1, 3]",0,28.98705482
"[0, 7, 6, 0, 5, 6, 2, 3, 7, 4, 3, 4, 5, 6, 2, 2, 4, 2, 1, 2, 3, 7, 5, 4, 3, 3, 5, 3]",0,31.23149872
"[0, 7, 6, 7, 4, 0, 4, 1, 7, 1, 0, 2, 7, 3, 7, 1, 5, 4, 1, 7, 4, 2, 2, 6, 1, 5, 5, 4]",0,33.70043182
"[1, 5, 3, 7, 2, 0, 1, 2, 0, 7, 2, 6, 7, 1, 3, 7, 0, 6, 4, 1, 7, 0, 2, 7, 4, 6, 6, 3]",0,27.87084007
"[0, 5, 2, 4, 7, 1, 7, 7, 3, 2, 6, 2, 0, 6, 6, 7, 7, 3, 1, 2, 0, 6, 7, 4, 2, 0, 1, 1]",0,34.26301193
"[4, 0, 5, 0, 0, 4, 5, 7, 0, 0, 4, 0, 4, 0, 4, 0, 3, 7, 2, 7, 7, 5, 2, 0, 0, 3, 2, 5]",0,26.37805939
"[7, 0, 7, 1, 3, 6, 1, 6, 1, 3, 0, 7, 5, 3, 4, 0, 4, 0, 1, 7, 6, 7, 5, 1, 2, 5, 5, 5]",0,30.77309608
"[7, 0, 4, 7, 6, 3, 0, 5, 3, 5, 0, 7, 4, 7, 4, 2, 7, 3, 0, 7, 6, 7, 3, 4, 4, 7, 1, 5]",0,33.82754517
"[7, 1, 4, 7, 6, 3, 0, 5, 3, 5, 0, 7, 4, 7, 4, 0, 4, 3, 0, 7, 6, 7, 3, 4, 4, 7, 1, 5]",0,33.72119522
"[7, 1, 7, 7, 6, 3, 0, 5, 2, 2, 0, 7, 4, 7, 4, 1, 4, 3, 0, 7, 6, 7, 3, 4, 4, 7, 1, 5]",0,33.09254074
"[7, 1, 4, 7, 6, 3, 0, 5, 3, 5, 0, 7, 4, 7, 4, 3, 4, 3, 0, 7, 6, 0, 3, 4, 4, 7, 1, 5]",0,24.75846481
"[4, 7, 4, 0, 2, 0, 0, 2, 0, 4, 7, 4, 4, 6, 4, 3, 7, 3, 0, 7, 5, 7, 3, 0, 7, 7, 6, 5]",0,33.44331741
"[4, 7, 7, 1, 3, 6, 7, 6, 1, 2, 0, 4, 4, 7, 4, 3, 0, 3, 1, 7, 6, 7, 4, 4, 4, 7, 6, 5]",0,34.68004227
"[6, 5, 1, 4, 2, 2, 5, 7, 6, 2, 0, 7, 4, 6, 0, 1, 6, 2, 5, 4, 2, 5, 5, 4, 1, 5, 2, 5]",0,33.04336548
"[4, 0, 4, 7, 7, 3, 3, 4, 7, 6, 1, 0, 4, 0, 0, 5, 6, 1, 4, 2, 4, 5, 5, 4, 0, 5, 4, 2]",0,29.353302
"[4, 0, 4, 4, 7, 2, 5, 4, 6, 2, 7, 7, 5, 5, 0, 5, 6, 0, 4, 2, 4, 4, 5, 5, 0, 2, 4, 5]",0,26.06314659
"[6, 5, 1, 4, 2, 3, 3, 4, 7, 7, 0, 7, 4, 0, 0, 5, 6, 0, 4, 2, 4, 4, 5, 7, 1, 4, 2, 4]",0,28.48327637
"[4, 7, 4, 1, 7, 3, 5, 7, 7, 6, 2, 0, 4, 7, 0, 5, 7, 0, 2, 2, 4, 4, 2, 4, 0, 2, 4, 7]",0,33.74977875
"[4, 7, 4, 0, 7, 3, 5, 7, 7, 6, 2, 0, 4, 6, 0, 5, 7, 3, 4, 2, 4, 4, 3, 4, 0, 2, 4, 4]",0,34.06633377
"[4, 0, 4, 7, 7, 7, 5, 7, 7, 6, 2, 0, 4, 7, 0, 5, 7, 0, 2, 2, 4, 4, 2, 4, 0, 4, 4, 2]",0,34.82865906
"[4, 7, 4, 0, 7, 3, 5, 7, 7, 6, 2, 0, 4, 7, 0, 5, 7, 3, 4, 2, 4, 4, 3, 4, 0, 2, 4, 4]",0,32.60687637
"[5, 7, 1, 5, 4, 7, 6, 6, 2, 1, 6, 4, 1, 7, 7, 4, 6, 4, 1, 6, 6, 0, 4, 2, 2, 4, 5, 2]",0,33.83629227
"[3, 6, 5, 3, 4, 4, 5, 3, 2, 6, 4, 7, 6, 3, 1, 3, 6, 1, 0, 3, 7, 5, 6, 5, 6, 3, 1, 4]",0,34.38153076
"[1, 7, 4, 7, 2, 0, 4, 3, 3, 4, 1, 7, 1, 3, 1, 1, 1, 6, 0, 6, 5, 7, 1, 5, 2, 7, 0, 1]",0,32.77456665
"[2, 4, 5, 4, 1, 0, 3, 7, 5, 2, 3, 0, 2, 6, 0, 3, 1, 7, 4, 5, 4, 5, 2, 6, 4, 4, 5, 4]",0,33.47928238
"[2, 7, 1, 7, 5, 2, 0, 0, 6, 7, 1, 1, 5, 5, 2, 1, 2, 4, 0, 3, 6, 7, 1, 5, 6, 6, 7, 3]",0,28.20418358
"[0, 2, 3, 1, 7, 3, 2, 0, 4, 6, 6, 2, 2, 6, 6, 7, 3, 5, 1, 5, 0, 1, 6, 1, 1, 0, 3, 0]",0,32.98092651
"[0, 0, 2, 3, 1, 5, 3, 6, 6, 6, 3, 7, 4, 5, 4, 2, 3, 6, 6, 5, 6, 7, 7, 7, 6, 7, 6, 1]",0,32.42483139
"[3, 7, 0, 3, 5, 0, 3, 4, 0, 7, 2, 4, 3, 3, 4, 7, 0, 6, 3, 7, 2, 1, 7, 5, 0, 0, 0, 6]",0,27.00237083
"[0, 5, 3, 1, 0, 3, 6, 7, 5, 4, 4, 3, 7, 1, 0, 0, 6, 6, 1, 2, 1, 4, 7, 6, 4, 0, 1, 3]",0,31.6923027
"[7, 5, 7, 2, 1, 6, 5, 0, 4, 0, 7, 2, 3, 2, 3, 7, 5, 5, 6, 0, 2, 2, 6, 2, 2, 1, 5, 3]",0,30.04772186
"[3, 0, 6, 7, 6, 3, 1, 4, 2, 1, 1, 6, 7, 2, 1, 3, 7, 6, 4, 7, 6, 7, 6, 2, 0, 2, 5, 7]",0,32.91302109
"[6, 7, 1, 6, 4, 3, 6, 3, 3, 5, 3, 3, 0, 5, 1, 2, 6, 3, 7, 2, 7, 5, 5, 6, 6, 0, 7, 7]",0,31.31210899
"[0, 6, 3, 1, 2, 5, 7, 3, 3, 1, 2, 3, 3, 4, 7, 5, 0, 5, 6, 6, 3, 6, 1, 5, 7, 0, 1, 7]",0,33.28438187
"[5, 7, 1, 5, 4, 7, 6, 6, 2, 1, 6, 4, 1, 7, 7, 4, 6, 4, 1, 6, 6, 0, 4, 2, 2, 4, 5, 2]",33.599823,33.2288628
"[3, 6, 5, 3, 4, 4, 5, 3, 2, 6, 4, 7, 6, 3, 1, 3, 6, 1, 0, 3, 7, 5, 6, 5, 6, 3, 1, 4]",31.8370476,32.0254326
"[1, 7, 4, 7, 2, 0, 4, 3, 3, 4, 1, 7, 1, 3, 1, 1, 1, 6, 0, 6, 5, 7, 1, 5, 2, 7, 0, 1]",33.3765106,33.6525879
"[2, 4, 5, 4, 1, 0, 3, 7, 5, 2, 3, 0, 2, 6, 0, 3, 1, 7, 4, 5, 4, 5, 2, 6, 4, 4, 5, 4]",inf,33.3823662
"[2, 7, 1, 7, 5, 2, 0, 0, 6, 7, 1, 1, 5, 5, 2, 1, 2, 4, 0, 3, 6, 7, 1, 5, 6, 6, 7, 3]",32.5872688,33.1122284
"[0, 2, 3, 1, 7, 3, 2, 0, 4, 6, 6, 2, 2, 6, 6, 7, 3, 5, 1, 5, 0, 1, 6, 1, 1, 0, 3, 0]",30.844614,32.2823525
"[0, 0, 2, 3, 1, 5, 3, 6, 6, 6, 3, 7, 4, 5, 4, 2, 3, 6, 6, 5, 6, 7, 7, 7, 6, 7, 6, 1]",27.0960598,27.8099003
"[3, 7, 0, 3, 5, 0, 3, 4, 0, 7, 2, 4, 3, 3, 4, 7, 0, 6, 3, 7, 2, 1, 7, 5, 0, 0, 0, 6]",34.139473,32.3514023
"[0, 5, 3, 1, 0, 3, 6, 7, 5, 4, 4, 3, 7, 1, 0, 0, 6, 6, 1, 2, 1, 4, 7, 6, 4, 0, 1, 3]",32.88937,32.8464813
"[7, 5, 7, 2, 1, 6, 5, 0, 4, 0, 7, 2, 3, 2, 3, 7, 5, 5, 6, 0, 2, 2, 6, 2, 2, 1, 5, 3]",27.735672,27.4131603
"[3, 0, 6, 7, 6, 3, 1, 4, 2, 1, 1, 6, 7, 2, 1, 3, 7, 6, 4, 7, 6, 7, 6, 2, 0, 2, 5, 7]",33.178978,33.7510414
"[6, 7, 1, 6, 4, 3, 6, 3, 3, 5, 3, 3, 0, 5, 1, 2, 6, 3, 7, 2, 7, 5, 5, 6, 6, 0, 7, 7]",28.5330563,27.0571461
"[3, 5, 7, 0, 0, 2, 7, 4, 5, 2, 6, 4, 6, 0, 6, 2, 5, 6, 4, 0, 0, 1, 5, 1, 7, 4, 4, 6]",31.7444649,31.0737743
"[2, 0, 1, 3, 7, 7, 0, 7, 5, 5, 6, 6, 4, 6, 2, 6, 7, 3, 1, 2, 6, 7, 1, 6, 6, 3, 5, 1]",33.4223366,33.8536911
"[0, 1, 2, 4, 0, 6, 4, 4, 1, 3, 4, 3, 1, 7, 6, 5, 1, 3, 6, 7, 3, 2, 6, 2, 2, 7, 3, 6]",32.1060753,32.3187752
"[6, 6, 6, 5, 7, 7, 0, 0, 0, 4, 0, 7, 4, 3, 6, 7, 3, 3, 4, 2, 1, 5, 3, 1, 5, 7, 5, 4]",33.6327477,33.6116028
"[4, 4, 5, 4, 3, 7, 7, 4, 1, 3, 0, 3, 4, 4, 3, 1, 5, 7, 5, 0, 2, 7, 6, 4, 5, 1, 5, 6]",28.1733437,29.0133209
"[4, 6, 5, 2, 6, 5, 1, 3, 7, 5, 1, 5, 2, 7, 1, 0, 1, 1, 7, 5, 5, 4, 3, 7, 3, 7, 3, 0]",32.0960465,32.822258
"[4, 3, 7, 0, 7, 7, 4, 7, 3, 7, 7, 4, 1, 0, 7, 6, 6, 0, 7, 0, 4, 2, 5, 4, 1, 4, 7, 5]",32.7521896,32.9410744
"[1, 4, 5, 2, 7, 2, 7, 1, 4, 6, 0, 2, 7, 3, 0, 5, 4, 1, 5, 3, 6, 2, 5, 5, 7, 4, 3, 7]",32.9937706,31.0705357
"[0, 4, 6, 3, 1, 7, 5, 3, 2, 2, 6, 1, 3, 0, 6, 1, 1, 6, 6, 4, 7, 4, 6, 0, 7, 4, 5, 1]",32.2327309,32.6071205
"[7, 2, 4, 0, 3, 1, 3, 3, 2, 7, 4, 4, 1, 4, 6, 4, 6, 5, 6, 6, 1, 3, 2, 1, 6, 7, 1, 2]",28.1920567,24.7191238
"[3, 7, 5, 3, 3, 2, 4, 0, 4, 7, 4, 1, 2, 2, 7, 5, 4, 3, 0, 7, 5, 2, 4, 4, 0, 5, 3, 0]",33.1961937,33.2529144
"[7, 3, 5, 5, 7, 4, 2, 5, 1, 6, 3, 4, 0, 6, 5, 6, 7, 4, 6, 4, 2, 6, 6, 0, 2, 6, 2, 7]",33.7557106,33.0705757
"[7, 1, 1, 5, 0, 2, 4, 7, 4, 0, 2, 0, 3, 1, 1, 6, 2, 7, 1, 4, 4, 7, 0, 5, 3, 0, 0, 1]",33.0195351,33.2348709
"[3, 1, 7, 1, 3, 2, 2, 3, 7, 5, 2, 1, 7, 4, 1, 3, 6, 4, 3, 5, 3, 6, 0, 0, 3, 7, 0, 5]",27.5629063,27.260273
"[4, 2, 2, 2, 4, 2, 7, 1, 7, 5, 0, 2, 2, 5, 7, 0, 7, 4, 5, 0, 5, 7, 2, 6, 7, 7, 2, 6]",28.1524925,28.4176998
"[2, 1, 6, 5, 7, 4, 6, 5, 1, 7, 1, 4, 5, 5, 1, 2, 1, 4, 1, 4, 1, 0, 0, 2, 3, 7, 6, 6]",32.7850037,28.4348106
"[0, 2, 4, 2, 2, 7, 5, 4, 6, 1, 0, 0, 7, 1, 4, 6, 7, 5, 3, 3, 0, 4, 2, 7, 2, 0, 6, 4]",32.4599342,32.551178
"[0, 5, 3, 4, 7, 0, 7, 2, 0, 7, 6, 4, 0, 5, 1, 6, 1, 1, 0, 7, 4, 5, 7, 6, 7, 7, 4, 2]",34.0271149,34.1233559
"[7, 2, 6, 2, 0, 0, 4, 4, 0, 2, 2, 2, 0, 3, 1, 3, 0, 2, 1, 3, 0, 5, 4, 5, 3, 4, 1, 5]",32.5431137,30.5235786
"[6, 6, 3, 0, 1, 4, 3, 7, 7, 3, 7, 6, 6, 4, 3, 2, 7, 2, 6, 2, 4, 2, 3, 1, 4, 7, 0, 1]",33.4476433,29.72995
"[3, 7, 2, 3, 3, 4, 7, 4, 0, 4, 1, 0, 7, 1, 1, 3, 6, 5, 7, 4, 2, 6, 5, 4, 2, 3, 3, 7]",34.0535965,34.0278931
"[5, 1, 0, 1, 0, 5, 4, 7, 5, 5, 2, 1, 3, 4, 1, 3, 1, 4, 5, 2, 6, 1, 5, 1, 6, 6, 4, 3]",33.2121658,32.8264465
"[5, 0, 7, 6, 6, 1, 6, 1, 6, 1, 1, 6, 2, 6, 1, 2, 0, 1, 0, 7, 3, 3, 1, 1, 3, 1, 0, 6]",32.651165,33.2186813
"[7, 4, 2, 1, 3, 3, 6, 6, 3, 5, 1, 4, 3, 7, 1, 0, 3, 0, 5, 1, 7, 1, 0, 6, 0, 2, 7, 1]",inf,32.0461769
"[4, 4, 1, 6, 7, 1, 6, 2, 4, 7, 0, 0, 6, 1, 1, 0, 7, 6, 1, 5, 0, 4, 1, 3, 3, 5, 3, 5]",33.1808739,33.2713127
"[7, 3, 2, 2, 3, 1, 0, 3, 4, 1, 1, 4, 1, 0, 2, 0, 7, 3, 0, 7, 3, 5, 4, 1, 7, 2, 2, 1]",33.7206039,33.9549446
"[1, 0, 1, 5, 3, 6, 5, 3, 3, 2, 6, 0, 7, 7, 0, 6, 2, 0, 2, 1, 4, 2, 1, 0, 2, 2, 2, 3]",33.4519959,33.3504372
"[7, 5, 0, 3, 1, 6, 1, 6, 5, 0, 5, 6, 0, 6, 6, 6, 3, 2, 5, 0, 5, 4, 7, 5, 6, 3, 5, 5]",33.3916512,33.4187851
"[6, 1, 5, 3, 0, 5, 5, 3, 0, 2, 5, 3, 3, 6, 3, 1, 4, 4, 7, 5, 6, 2, 5, 0, 5, 2, 1, 1]",inf,29.7648563
"[1, 5, 7, 3, 4, 6, 4, 7, 3, 3, 3, 0, 2, 7, 5, 0, 7, 2, 4, 2, 3, 6, 2, 1, 0, 1, 7, 5]",33.6256294,33.579937
"[3, 0, 4, 3, 4, 5, 1, 3, 0, 5, 6, 5, 4, 7, 3, 3, 6, 7, 0, 1, 2, 1, 7, 6, 0, 6, 5, 3]",33.4338532,33.8359985
"[0, 0, 5, 2, 5, 4, 0, 1, 4, 7, 5, 2, 6, 0, 3, 6, 0, 0, 3, 3, 5, 6, 5, 3, 0, 0, 1, 5]",32.8214531,32.9581299
"[6, 5, 0, 4, 1, 7, 6, 0, 2, 5, 7, 0, 1, 4, 3, 6, 3, 7, 0, 7, 7, 7, 2, 3, 5, 4, 5, 7]",33.037487,32.1402855
"[6, 5, 2, 2, 4, 3, 6, 1, 7, 2, 6, 3, 2, 0, 1, 4, 4, 4, 3, 1, 5, 6, 4, 2, 6, 5, 7, 1]",31.4150181,32.0109673
"[0, 3, 6, 1, 4, 1, 3, 6, 2, 1, 4, 1, 4, 7, 2, 7, 2, 5, 6, 0, 3, 5, 4, 4, 7, 4, 6, 1]",28.5874767,28.4813271
"[4, 4, 3, 5, 0, 0, 6, 3, 7, 3, 0, 7, 3, 1, 2, 1, 4, 1, 5, 2, 2, 0, 5, 7, 4, 5, 5, 1]",31.5849266,32.3926201
"[5, 6, 7, 3, 4, 5, 3, 1, 6, 5, 1, 2, 5, 4, 2, 5, 6, 6, 5, 7, 2, 6, 6, 6, 1, 5, 5, 7]",31.6113339,25.7664452
"[2, 5, 7, 7, 2, 4, 2, 3, 1, 1, 0, 3, 7, 4, 2, 3, 7, 4, 0, 4, 5, 7, 2, 1, 5, 6, 0, 7]",30.8194656,30.2374115
"[3, 3, 3, 5, 3, 0, 7, 5, 7, 7, 7, 0, 3, 3, 2, 2, 4, 3, 5, 7, 6, 7, 5, 0, 6, 1, 5, 0]",32.5808106,29.6414337
"[4, 5, 0, 5, 1, 7, 1, 6, 7, 5, 5, 2, 1, 6, 5, 7, 1, 7, 3, 1, 0, 7, 0, 1, 5, 4, 0, 2]",28.4842281,29.2800045
"[0, 1, 7, 0, 6, 6, 3, 0, 2, 6, 1, 5, 5, 0, 6, 6, 0, 0, 3, 1, 4, 0, 2, 7, 2, 1, 1, 4]",32.3468971,33.036747
"[5, 2, 7, 4, 4, 1, 2, 0, 7, 4, 3, 7, 4, 6, 2, 3, 3, 3, 4, 7, 1, 4, 0, 0, 7, 5, 6, 0]",33.4714317,33.0892792
"[6, 5, 5, 6, 1, 1, 1, 7, 3, 0, 0, 2, 1, 1, 6, 7, 0, 0, 5, 3, 4, 1, 7, 6, 0, 1, 5, 7]",32.6308823,32.4173775
"[1, 1, 2, 3, 6, 6, 6, 4, 4, 2, 3, 7, 2, 5, 6, 6, 5, 4, 6, 0, 2, 3, 6, 5, 0, 2, 7, 5]",12.1052408,12.13095
"[4, 6, 2, 1, 7, 3, 0, 1, 2, 1, 4, 2, 6, 2, 4, 1, 7, 1, 7, 1, 5, 3, 5, 3, 5, 0, 4, 2]",25.9358482,26.3819714
"[5, 2, 5, 6, 0, 6, 3, 3, 1, 2, 2, 6, 3, 1, 4, 7, 0, 4, 4, 7, 4, 4, 1, 0, 2, 1, 5, 3]",inf,22.4709625
"[7, 1, 5, 4, 4, 4, 0, 7, 1, 1, 0, 5, 6, 7, 6, 0, 2, 7, 6, 0, 3, 2, 5, 7, 1, 5, 1, 4]",28.0618401,28.5862293
"[3, 2, 1, 1, 3, 2, 2, 7, 5, 2, 0, 7, 4, 7, 2, 3, 4, 6, 3, 3, 7, 3, 4, 3, 0, 6, 3, 7]",12.1118326,12.1674662
"[7, 5, 1, 4, 0, 4, 3, 3, 1, 3, 7, 0, 5, 3, 7, 6, 3, 7, 5, 1, 4, 1, 7, 0, 5, 4, 4, 7]",20.4294071,21.4492855
"[3, 7, 0, 6, 6, 6, 5, 1, 5, 4, 1, 2, 4, 6, 7, 6, 0, 1, 3, 3, 2, 0, 3, 5, 5, 2, 2, 3]",25.159811,23.8598671
"[0, 0, 5, 4, 0, 1, 6, 1, 3, 3, 1, 6, 6, 3, 7, 6, 1, 3, 6, 4, 2, 3, 6, 6, 6, 0, 3, 3]",20.0190163,18.050354
"[0, 3, 7, 4, 6, 1, 1, 5, 6, 2, 7, 1, 3, 0, 0, 4, 6, 0, 7, 1, 5, 4, 1, 3, 4, 3, 7, 1]",26.5991917,27.1830597
"[0, 4, 5, 1, 6, 4, 1, 0, 3, 0, 3, 6, 5, 4, 4, 6, 2, 1, 0, 3, 6, 0, 0, 1, 4, 7, 7, 2]",26.1622734,22.6743965
"[6, 5, 3, 5, 1, 6, 4, 7, 7, 4, 2, 1, 6, 2, 7, 6, 3, 2, 6, 1, 4, 0, 0, 0, 5, 5, 4, 1]",24.1767445,21.0403538
"[6, 5, 3, 5, 6, 2, 1, 3, 4, 5, 0, 4, 0, 2, 2, 5, 4, 5, 4, 6, 5, 1, 3, 0, 3, 6, 4, 1]",25.8375053,26.376379
"[1, 0, 6, 6, 4, 7, 7, 4, 5, 1, 5, 6, 6, 7, 0, 4, 1, 6, 3, 5, 4, 7, 3, 3, 6, 5, 4, 7]",12.09939,12.1963034
"[5, 0, 1, 3, 6, 2, 1, 2, 5, 7, 5, 0, 6, 5, 6, 7, 6, 0, 3, 4, 6, 5, 3, 0, 5, 2, 1, 2]",23.6660004,25.2662754
"[5, 2, 6, 2, 5, 0, 2, 6, 0, 1, 6, 3, 3, 7, 4, 4, 1, 0, 5, 1, 6, 4, 3, 2, 4, 7, 1, 5]",25.2944851,24.9065075
"[3, 1, 3, 1, 6, 3, 0, 7, 2, 1, 4, 7, 3, 4, 2, 4, 1, 1, 2, 6, 6, 6, 4, 7, 4, 5, 4, 4]",22.3373928,25.410656
"[1, 1, 0, 5, 0, 7, 4, 4, 1, 7, 6, 2, 2, 4, 5, 3, 4, 5, 4, 5, 4, 0, 1, 6, 7, 1, 3, 3]",23.9455376,22.0504417
"[3, 5, 6, 3, 7, 7, 6, 3, 1, 3, 7, 4, 5, 1, 0, 5, 5, 2, 7, 4, 3, 0, 4, 4, 2, 6, 1, 7]",12.106061,12.1041622
"[7, 0, 0, 1, 4, 5, 7, 7, 1, 3, 5, 2, 2, 0, 1, 1, 2, 5, 3, 7, 1, 6, 3, 6, 6, 4, 2, 4]",25.1765652,25.2348881
"[1, 0, 5, 5, 4, 7, 3, 4, 2, 2, 1, 3, 1, 4, 5, 5, 0, 7, 1, 0, 1, 2, 1, 6, 2, 2, 5, 4]",21.5645447,22.8759556
"[5, 5, 7, 0, 4, 5, 2, 0, 5, 0, 7, 0, 0, 0, 2, 0, 3, 2, 5, 4, 0, 5, 1, 3, 6, 1, 0, 2]",21.4809132,22.6771298
"[7, 4, 3, 7, 7, 2, 0, 7, 0, 5, 6, 4, 3, 4, 6, 5, 0, 0, 5, 2, 7, 3, 0, 7, 4, 7, 7, 2]",inf,19.7108784
"[6, 6, 7, 6, 3, 5, 4, 5, 2, 7, 2, 3, 7, 7, 6, 7, 5, 7, 5, 3, 6, 0, 3, 7, 2, 4, 0, 5]",21.0376968,20.1644821
"[5, 4, 2, 4, 6, 7, 6, 3, 0, 2, 2, 5, 0, 5, 3, 2, 7, 4, 2, 4, 7, 0, 4, 7, 3, 5, 5, 5]",21.5062161,22.3494492
"[5, 7, 3, 7, 6, 7, 5, 2, 7, 0, 3, 1, 6, 6, 3, 6, 7, 0, 5, 4, 0, 1, 4, 7, 7, 4, 0, 4]",20.4103432,20.4439373
"[7, 5, 7, 2, 2, 0, 1, 2, 3, 4, 3, 7, 5, 6, 1, 2, 2, 5, 3, 0, 6, 1, 1, 6, 4, 5, 2, 4]",21.2890244,22.3408051
"[4, 7, 2, 0, 1, 3, 1, 0, 5, 6, 4, 2, 2, 6, 7, 6, 5, 7, 6, 4, 1, 6, 4, 5, 3, 0, 1, 4]",20.4508801,21.7617455
"[2, 1, 3, 4, 4, 2, 2, 7, 6, 4, 6, 6, 6, 6, 2, 5, 0, 6, 4, 0, 4, 6, 4, 2, 6, 5, 1, 2]",23.3880558,23.0827675
"[4, 0, 1, 0, 6, 7, 7, 0, 1, 5, 7, 4, 0, 0, 4, 7, 7, 3, 3, 2, 7, 3, 5, 3, 2, 1, 4, 5]",29.1153221,25.4452763
"[2, 7, 3, 2, 2, 7, 0, 1, 6, 3, 2, 7, 2, 1, 4, 2, 6, 5, 2, 3, 2, 0, 2, 0, 3, 4, 5, 3]",23.6885166,24.0479565
"[5, 4, 3, 4, 0, 3, 0, 5, 4, 7, 2, 5, 1, 1, 3, 2, 3, 7, 7, 4, 3, 2, 6, 4, 2, 5, 3, 5]",12.1091433,12.1747637
"[5, 0, 0, 4, 3, 5, 2, 4, 5, 3, 3, 3, 4, 2, 2, 5, 0, 5, 3, 6, 3, 7, 6, 2, 1, 3, 4, 3]",21.3922234,23.316658
"[7, 3, 6, 0, 1, 6, 3, 2, 3, 5, 1, 6, 3, 2, 3, 6, 3, 0, 5, 5, 0, 1, 1, 6, 6, 5, 6, 0]",21.2469559,22.0234909
"[0, 5, 0, 1, 2, 0, 1, 0, 5, 6, 7, 3, 3, 5, 3, 3, 1, 1, 4, 4, 3, 4, 3, 0, 5, 1, 3, 3]",21.9874401,22.6395588
"[0, 4, 6, 2, 2, 3, 2, 1, 3, 0, 1, 2, 1, 2, 3, 2, 5, 5, 5, 6, 0, 2, 1, 0, 0, 6, 6, 4]",25.3916378,19.7655582
"[7, 7, 5, 7, 2, 7, 0, 4, 4, 2, 3, 7, 6, 2, 0, 1, 2, 3, 4, 7, 7, 3, 4, 5, 6, 1, 6, 5]",24.8935394,26.087471
"[3, 5, 7, 0, 0, 2, 7, 4, 5, 2, 6, 4, 6, 0, 6, 2, 5, 6, 4, 0, 0, 1, 5, 1, 7, 4, 4, 6]",31.74446487,31.07377434
"[2, 0, 1, 3, 7, 7, 0, 7, 5, 5, 6, 6, 4, 6, 2, 6, 7, 3, 1, 2, 6, 7, 1, 6, 6, 3, 5, 1]",33.42233658,33.8536911
"[0, 1, 2, 4, 0, 6, 4, 4, 1, 3, 4, 3, 1, 7, 6, 5, 1, 3, 6, 7, 3, 2, 6, 2, 2, 7, 3, 6]",32.10607529,32.31877518
"[6, 6, 6, 5, 7, 7, 0, 0, 0, 4, 0, 7, 4, 3, 6, 7, 3, 3, 4, 2, 1, 5, 3, 1, 5, 7, 5, 4]",33.63274765,33.61160278
"[4, 4, 5, 4, 3, 7, 7, 4, 1, 3, 0, 3, 4, 4, 3, 1, 5, 7, 5, 0, 2, 7, 6, 4, 5, 1, 5, 6]",28.17334366,29.01332092
"[4, 6, 5, 2, 6, 5, 1, 3, 7, 5, 1, 5, 2, 7, 1, 0, 1, 1, 7, 5, 5, 4, 3, 7, 3, 7, 3, 0]",32.09604645,32.822258
"[4, 3, 7, 0, 7, 7, 4, 7, 3, 7, 7, 4, 1, 0, 7, 6, 6, 0, 7, 0, 4, 2, 5, 4, 1, 4, 7, 5]",32.75218964,32.94107437
"[1, 4, 5, 2, 7, 2, 7, 1, 4, 6, 0, 2, 7, 3, 0, 5, 4, 1, 5, 3, 6, 2, 5, 5, 7, 4, 3, 7]",32.9937706,31.07053566
"[0, 4, 6, 3, 1, 7, 5, 3, 2, 2, 6, 1, 3, 0, 6, 1, 1, 6, 6, 4, 7, 4, 6, 0, 7, 4, 5, 1]",32.23273087,32.60712051
"[7, 2, 4, 0, 3, 1, 3, 3, 2, 7, 4, 4, 1, 4, 6, 4, 6, 5, 6, 6, 1, 3, 2, 1, 6, 7, 1, 2]",28.19205666,24.71912384
"[3, 7, 5, 3, 3, 2, 4, 0, 4, 7, 4, 1, 2, 2, 7, 5, 4, 3, 0, 7, 5, 2, 4, 4, 0, 5, 3, 0]",33.1961937,33.25291443
"[7, 3, 5, 5, 7, 4, 2, 5, 1, 6, 3, 4, 0, 6, 5, 6, 7, 4, 6, 4, 2, 6, 6, 0, 2, 6, 2, 7]",33.7557106,33.07057571
"[7, 1, 1, 5, 0, 2, 4, 7, 4, 0, 2, 0, 3, 1, 1, 6, 2, 7, 1, 4, 4, 7, 0, 5, 3, 0, 0, 1]",33.01953506,33.23487091
"[3, 1, 7, 1, 3, 2, 2, 3, 7, 5, 2, 1, 7, 4, 1, 3, 6, 4, 3, 5, 3, 6, 0, 0, 3, 7, 0, 5]",27.56290627,27.26027298
"[4, 2, 2, 2, 4, 2, 7, 1, 7, 5, 0, 2, 2, 5, 7, 0, 7, 4, 5, 0, 5, 7, 2, 6, 7, 7, 2, 6]",28.15249252,28.41769981
"[2, 1, 6, 5, 7, 4, 6, 5, 1, 7, 1, 4, 5, 5, 1, 2, 1, 4, 1, 4, 1, 0, 0, 2, 3, 7, 6, 6]",32.78500366,28.43481064
"[0, 2, 4, 2, 2, 7, 5, 4, 6, 1, 0, 0, 7, 1, 4, 6, 7, 5, 3, 3, 0, 4, 2, 7, 2, 0, 6, 4]",32.45993423,32.55117798
"[0, 5, 3, 4, 7, 0, 7, 2, 0, 7, 6, 4, 0, 5, 1, 6, 1, 1, 0, 7, 4, 5, 7, 6, 7, 7, 4, 2]",34.02711487,34.12335587
"[7, 2, 6, 2, 0, 0, 4, 4, 0, 2, 2, 2, 0, 3, 1, 3, 0, 2, 1, 3, 0, 5, 4, 5, 3, 4, 1, 5]",32.54311371,30.52357864
"[6, 6, 3, 0, 1, 4, 3, 7, 7, 3, 7, 6, 6, 4, 3, 2, 7, 2, 6, 2, 4, 2, 3, 1, 4, 7, 0, 1]",33.44764328,29.72994995
"[3, 7, 2, 3, 3, 4, 7, 4, 0, 4, 1, 0, 7, 1, 1, 3, 6, 5, 7, 4, 2, 6, 5, 4, 2, 3, 3, 7]",34.0535965,34.02789307
"[5, 1, 0, 1, 0, 5, 4, 7, 5, 5, 2, 1, 3, 4, 1, 3, 1, 4, 5, 2, 6, 1, 5, 1, 6, 6, 4, 3]",33.21216583,32.82644653
"[5, 0, 7, 6, 6, 1, 6, 1, 6, 1, 1, 6, 2, 6, 1, 2, 0, 1, 0, 7, 3, 3, 1, 1, 3, 1, 0, 6]",32.65116501,33.21868134
"[7, 4, 2, 1, 3, 3, 6, 6, 3, 5, 1, 4, 3, 7, 1, 0, 3, 0, 5, 1, 7, 1, 0, 6, 0, 2, 7, 1]",inf,32.04617691
"[4, 4, 1, 6, 7, 1, 6, 2, 4, 7, 0, 0, 6, 1, 1, 0, 7, 6, 1, 5, 0, 4, 1, 3, 3, 5, 3, 5]",33.18087387,33.27131271
"[7, 3, 2, 2, 3, 1, 0, 3, 4, 1, 1, 4, 1, 0, 2, 0, 7, 3, 0, 7, 3, 5, 4, 1, 7, 2, 2, 1]",33.72060394,33.95494461
"[1, 0, 1, 5, 3, 6, 5, 3, 3, 2, 6, 0, 7, 7, 0, 6, 2, 0, 2, 1, 4, 2, 1, 0, 2, 2, 2, 3]",33.45199585,33.35043716
"[7, 5, 0, 3, 1, 6, 1, 6, 5, 0, 5, 6, 0, 6, 6, 6, 3, 2, 5, 0, 5, 4, 7, 5, 6, 3, 5, 5]",33.39165115,33.4187851
"[6, 1, 5, 3, 0, 5, 5, 3, 0, 2, 5, 3, 3, 6, 3, 1, 4, 4, 7, 5, 6, 2, 5, 0, 5, 2, 1, 1]",inf,29.76485634
"[1, 5, 7, 3, 4, 6, 4, 7, 3, 3, 3, 0, 2, 7, 5, 0, 7, 2, 4, 2, 3, 6, 2, 1, 0, 1, 7, 5]",33.62562943,33.57993698
"[3, 0, 4, 3, 4, 5, 1, 3, 0, 5, 6, 5, 4, 7, 3, 3, 6, 7, 0, 1, 2, 1, 7, 6, 0, 6, 5, 3]",33.43385315,33.83599854
"[0, 0, 5, 2, 5, 4, 0, 1, 4, 7, 5, 2, 6, 0, 3, 6, 0, 0, 3, 3, 5, 6, 5, 3, 0, 0, 1, 5]",32.82145309,32.95812988
"[6, 5, 0, 4, 1, 7, 6, 0, 2, 5, 7, 0, 1, 4, 3, 6, 3, 7, 0, 7, 7, 7, 2, 3, 5, 4, 5, 7]",33.03748703,32.14028549
"[6, 5, 2, 2, 4, 3, 6, 1, 7, 2, 6, 3, 2, 0, 1, 4, 4, 4, 3, 1, 5, 6, 4, 2, 6, 5, 7, 1]",31.41501808,32.01096725
"[0, 3, 6, 1, 4, 1, 3, 6, 2, 1, 4, 1, 4, 7, 2, 7, 2, 5, 6, 0, 3, 5, 4, 4, 7, 4, 6, 1]",28.58747673,28.48132706
"[4, 4, 3, 5, 0, 0, 6, 3, 7, 3, 0, 7, 3, 1, 2, 1, 4, 1, 5, 2, 2, 0, 5, 7, 4, 5, 5, 1]",31.58492661,32.39262009
"[5, 6, 7, 3, 4, 5, 3, 1, 6, 5, 1, 2, 5, 4, 2, 5, 6, 6, 5, 7, 2, 6, 6, 6, 1, 5, 5, 7]",31.61133385,25.76644516
"[2, 5, 7, 7, 2, 4, 2, 3, 1, 1, 0, 3, 7, 4, 2, 3, 7, 4, 0, 4, 5, 7, 2, 1, 5, 6, 0, 7]",30.81946564,30.2374115
"[3, 3, 3, 5, 3, 0, 7, 5, 7, 7, 7, 0, 3, 3, 2, 2, 4, 3, 5, 7, 6, 7, 5, 0, 6, 1, 5, 0]",32.58081055,29.64143372
"[4, 5, 0, 5, 1, 7, 1, 6, 7, 5, 5, 2, 1, 6, 5, 7, 1, 7, 3, 1, 0, 7, 0, 1, 5, 4, 0, 2]",28.48422813,29.2800045
"[0, 1, 7, 0, 6, 6, 3, 0, 2, 6, 1, 5, 5, 0, 6, 6, 0, 0, 3, 1, 4, 0, 2, 7, 2, 1, 1, 4]",32.34689713,33.03674698
"[5, 2, 7, 4, 4, 1, 2, 0, 7, 4, 3, 7, 4, 6, 2, 3, 3, 3, 4, 7, 1, 4, 0, 0, 7, 5, 6, 0]",33.47143173,33.08927917
"[6, 5, 5, 6, 1, 1, 1, 7, 3, 0, 0, 2, 1, 1, 6, 7, 0, 0, 5, 3, 4, 1, 7, 6, 0, 1, 5, 7]",32.63088226,32.41737747
"[1, 1, 2, 3, 6, 6, 6, 4, 4, 2, 3, 7, 2, 5, 6, 6, 5, 4, 6, 0, 2, 3, 6, 5, 0, 2, 7, 5]",12.10524082,12.13094997
"[4, 6, 2, 1, 7, 3, 0, 1, 2, 1, 4, 2, 6, 2, 4, 1, 7, 1, 7, 1, 5, 3, 5, 3, 5, 0, 4, 2]",25.93584824,26.38197136
"[5, 2, 5, 6, 0, 6, 3, 3, 1, 2, 2, 6, 3, 1, 4, 7, 0, 4, 4, 7, 4, 4, 1, 0, 2, 1, 5, 3]",inf,22.47096252
"[7, 1, 5, 4, 4, 4, 0, 7, 1, 1, 0, 5, 6, 7, 6, 0, 2, 7, 6, 0, 3, 2, 5, 7, 1, 5, 1, 4]",28.06184006,28.58622932
"[3, 2, 1, 1, 3, 2, 2, 7, 5, 2, 0, 7, 4, 7, 2, 3, 4, 6, 3, 3, 7, 3, 4, 3, 0, 6, 3, 7]",12.11183262,12.16746616
"[7, 5, 1, 4, 0, 4, 3, 3, 1, 3, 7, 0, 5, 3, 7, 6, 3, 7, 5, 1, 4, 1, 7, 0, 5, 4, 4, 7]",20.42940712,21.44928551
"[3, 7, 0, 6, 6, 6, 5, 1, 5, 4, 1, 2, 4, 6, 7, 6, 0, 1, 3, 3, 2, 0, 3, 5, 5, 2, 2, 3]",25.15981102,23.8598671
"[0, 0, 5, 4, 0, 1, 6, 1, 3, 3, 1, 6, 6, 3, 7, 6, 1, 3, 6, 4, 2, 3, 6, 6, 6, 0, 3, 3]",20.01901627,18.050354
"[0, 3, 7, 4, 6, 1, 1, 5, 6, 2, 7, 1, 3, 0, 0, 4, 6, 0, 7, 1, 5, 4, 1, 3, 4, 3, 7, 1]",26.59919167,27.18305969
"[0, 4, 5, 1, 6, 4, 1, 0, 3, 0, 3, 6, 5, 4, 4, 6, 2, 1, 0, 3, 6, 0, 0, 1, 4, 7, 7, 2]",26.16227341,22.67439651
"[6, 5, 3, 5, 1, 6, 4, 7, 7, 4, 2, 1, 6, 2, 7, 6, 3, 2, 6, 1, 4, 0, 0, 0, 5, 5, 4, 1]",24.17674446,21.04035378
"[6, 5, 3, 5, 6, 2, 1, 3, 4, 5, 0, 4, 0, 2, 2, 5, 4, 5, 4, 6, 5, 1, 3, 0, 3, 6, 4, 1]",25.83750534,26.37637901
"[1, 0, 6, 6, 4, 7, 7, 4, 5, 1, 5, 6, 6, 7, 0, 4, 1, 6, 3, 5, 4, 7, 3, 3, 6, 5, 4, 7]",12.09939003,12.19630337
"[5, 0, 1, 3, 6, 2, 1, 2, 5, 7, 5, 0, 6, 5, 6, 7, 6, 0, 3, 4, 6, 5, 3, 0, 5, 2, 1, 2]",23.66600037,25.26627541
"[5, 2, 6, 2, 5, 0, 2, 6, 0, 1, 6, 3, 3, 7, 4, 4, 1, 0, 5, 1, 6, 4, 3, 2, 4, 7, 1, 5]",25.29448509,24.90650749
"[3, 1, 3, 1, 6, 3, 0, 7, 2, 1, 4, 7, 3, 4, 2, 4, 1, 1, 2, 6, 6, 6, 4, 7, 4, 5, 4, 4]",22.33739281,25.41065598
"[1, 1, 0, 5, 0, 7, 4, 4, 1, 7, 6, 2, 2, 4, 5, 3, 4, 5, 4, 5, 4, 0, 1, 6, 7, 1, 3, 3]",23.94553757,22.05044174
"[3, 5, 6, 3, 7, 7, 6, 3, 1, 3, 7, 4, 5, 1, 0, 5, 5, 2, 7, 4, 3, 0, 4, 4, 2, 6, 1, 7]",12.10606098,12.10416222
"[7, 0, 0, 1, 4, 5, 7, 7, 1, 3, 5, 2, 2, 0, 1, 1, 2, 5, 3, 7, 1, 6, 3, 6, 6, 4, 2, 4]",25.17656517,25.23488808
"[1, 0, 5, 5, 4, 7, 3, 4, 2, 2, 1, 3, 1, 4, 5, 5, 0, 7, 1, 0, 1, 2, 1, 6, 2, 2, 5, 4]",21.56454468,22.87595558
"[5, 5, 7, 0, 4, 5, 2, 0, 5, 0, 7, 0, 0, 0, 2, 0, 3, 2, 5, 4, 0, 5, 1, 3, 6, 1, 0, 2]",21.48091316,22.67712975
"[7, 4, 3, 7, 7, 2, 0, 7, 0, 5, 6, 4, 3, 4, 6, 5, 0, 0, 5, 2, 7, 3, 0, 7, 4, 7, 7, 2]",inf,19.71087837
"[6, 6, 7, 6, 3, 5, 4, 5, 2, 7, 2, 3, 7, 7, 6, 7, 5, 7, 5, 3, 6, 0, 3, 7, 2, 4, 0, 5]",21.03769684,20.16448212
"[5, 4, 2, 4, 6, 7, 6, 3, 0, 2, 2, 5, 0, 5, 3, 2, 7, 4, 2, 4, 7, 0, 4, 7, 3, 5, 5, 5]",21.50621605,22.34944916
"[5, 7, 3, 7, 6, 7, 5, 2, 7, 0, 3, 1, 6, 6, 3, 6, 7, 0, 5, 4, 0, 1, 4, 7, 7, 4, 0, 4]",20.41034317,20.4439373
"[7, 5, 7, 2, 2, 0, 1, 2, 3, 4, 3, 7, 5, 6, 1, 2, 2, 5, 3, 0, 6, 1, 1, 6, 4, 5, 2, 4]",21.28902435,22.34080505
"[4, 7, 2, 0, 1, 3, 1, 0, 5, 6, 4, 2, 2, 6, 7, 6, 5, 7, 6, 4, 1, 6, 4, 5, 3, 0, 1, 4]",20.45088005,21.76174545
"[2, 1, 3, 4, 4, 2, 2, 7, 6, 4, 6, 6, 6, 6, 2, 5, 0, 6, 4, 0, 4, 6, 4, 2, 6, 5, 1, 2]",23.3880558,23.08276749
"[4, 0, 1, 0, 6, 7, 7, 0, 1, 5, 7, 4, 0, 0, 4, 7, 7, 3, 3, 2, 7, 3, 5, 3, 2, 1, 4, 5]",29.11532211,25.44527626
"[2, 7, 3, 2, 2, 7, 0, 1, 6, 3, 2, 7, 2, 1, 4, 2, 6, 5, 2, 3, 2, 0, 2, 0, 3, 4, 5, 3]",23.68851662,24.04795647
"[5, 4, 3, 4, 0, 3, 0, 5, 4, 7, 2, 5, 1, 1, 3, 2, 3, 7, 7, 4, 3, 2, 6, 4, 2, 5, 3, 5]",12.10914326,12.17476368
"[5, 0, 0, 4, 3, 5, 2, 4, 5, 3, 3, 3, 4, 2, 2, 5, 0, 5, 3, 6, 3, 7, 6, 2, 1, 3, 4, 3]",21.39222336,23.31665802
"[7, 3, 6, 0, 1, 6, 3, 2, 3, 5, 1, 6, 3, 2, 3, 6, 3, 0, 5, 5, 0, 1, 1, 6, 6, 5, 6, 0]",21.24695587,22.02349091
"[0, 5, 0, 1, 2, 0, 1, 0, 5, 6, 7, 3, 3, 5, 3, 3, 1, 1, 4, 4, 3, 4, 3, 0, 5, 1, 3, 3]",21.98744011,22.63955879
"[0, 4, 6, 2, 2, 3, 2, 1, 3, 0, 1, 2, 1, 2, 3, 2, 5, 5, 5, 6, 0, 2, 1, 0, 0, 6, 6, 4]",25.3916378,19.76555824
"[7, 7, 5, 7, 2, 7, 0, 4, 4, 2, 3, 7, 6, 2, 0, 1, 2, 3, 4, 7, 7, 3, 4, 5, 6, 1, 6, 5]",24.89353943,26.08747101
"[5, 7, 1, 5, 4, 7, 6, 6, 2, 1, 6, 4, 1, 7, 7, 4, 6, 4, 1, 6, 6, 0, 4, 2, 2, 4, 5, 2]",33.599823,33.22886276
"[3, 6, 5, 3, 4, 4, 5, 3, 2, 6, 4, 7, 6, 3, 1, 3, 6, 1, 0, 3, 7, 5, 6, 5, 6, 3, 1, 4]",31.83704758,32.02543259
"[1, 7, 4, 7, 2, 0, 4, 3, 3, 4, 1, 7, 1, 3, 1, 1, 1, 6, 0, 6, 5, 7, 1, 5, 2, 7, 0, 1]",33.37651062,33.65258789
"[2, 4, 5, 4, 1, 0, 3, 7, 5, 2, 3, 0, 2, 6, 0, 3, 1, 7, 4, 5, 4, 5, 2, 6, 4, 4, 5, 4]",inf,33.38236618
"[2, 7, 1, 7, 5, 2, 0, 0, 6, 7, 1, 1, 5, 5, 2, 1, 2, 4, 0, 3, 6, 7, 1, 5, 6, 6, 7, 3]",32.58726883,33.11222839
"[0, 2, 3, 1, 7, 3, 2, 0, 4, 6, 6, 2, 2, 6, 6, 7, 3, 5, 1, 5, 0, 1, 6, 1, 1, 0, 3, 0]",30.84461403,32.28235245
"[0, 0, 2, 3, 1, 5, 3, 6, 6, 6, 3, 7, 4, 5, 4, 2, 3, 6, 6, 5, 6, 7, 7, 7, 6, 7, 6, 1]",27.0960598,27.80990028
"[3, 7, 0, 3, 5, 0, 3, 4, 0, 7, 2, 4, 3, 3, 4, 7, 0, 6, 3, 7, 2, 1, 7, 5, 0, 0, 0, 6]",34.13947296,32.35140228
"[0, 5, 3, 1, 0, 3, 6, 7, 5, 4, 4, 3, 7, 1, 0, 0, 6, 6, 1, 2, 1, 4, 7, 6, 4, 0, 1, 3]",32.88936996,32.84648132
"[7, 5, 7, 2, 1, 6, 5, 0, 4, 0, 7, 2, 3, 2, 3, 7, 5, 5, 6, 0, 2, 2, 6, 2, 2, 1, 5, 3]",27.735672,27.41316032
"[3, 0, 6, 7, 6, 3, 1, 4, 2, 1, 1, 6, 7, 2, 1, 3, 7, 6, 4, 7, 6, 7, 6, 2, 0, 2, 5, 7]",33.17897797,33.75104141
"[6, 7, 1, 6, 4, 3, 6, 3, 3, 5, 3, 3, 0, 5, 1, 2, 6, 3, 7, 2, 7, 5, 5, 6, 6, 0, 7, 7]",28.53305626,27.05714607
"[0, 4, 4, 3, 3, 7, 6, 5, 2, 3, 5, 6, 6, 4, 2, 7, 1, 3, 3, 7, 2, 0, 5, 1, 0, 1, 2, 1]",29.88467789,29.92860794
"[3, 6, 3, 6, 0, 4, 4, 7, 6, 2, 0, 7, 2, 6, 3, 4, 3, 2, 5, 3, 6, 2, 6, 1, 0, 3, 4, 1]",33.26412582,33.32243729
"[2, 0, 4, 4, 2, 5, 0, 2, 6, 5, 0, 1, 5, 6, 6, 0, 5, 5, 0, 3, 7, 5, 2, 2, 5, 6, 1, 5]",33.46003723,33.27968597
"[5, 4, 2, 5, 4, 6, 6, 0, 4, 3, 4, 6, 3, 3, 4, 6, 7, 0, 2, 2, 0, 4, 7, 5, 3, 3, 2, 7]",32.36470413,32.56819153
"[5, 5, 1, 3, 2, 6, 6, 3, 7, 4, 4, 0, 7, 5, 1, 2, 0, 2, 3, 1, 3, 1, 6, 5, 6, 0, 3, 5]",28.67815781,30.69189835
"[4, 3, 5, 3, 6, 6, 6, 6, 0, 1, 5, 4, 2, 6, 6, 1, 1, 4, 0, 3, 4, 2, 5, 7, 2, 4, 5, 1]",27.89664459,28.52043724
"[3, 3, 4, 1, 3, 0, 3, 2, 3, 3, 5, 0, 2, 1, 6, 5, 7, 0, 7, 4, 3, 6, 3, 0, 4, 6, 6, 0]",32.18357849,31.6701622
"[7, 2, 0, 6, 3, 0, 6, 4, 5, 6, 4, 6, 5, 1, 6, 4, 4, 3, 5, 7, 7, 1, 1, 0, 3, 1, 7, 0]",32.92169571,31.78311729
"[6, 3, 7, 5, 0, 5, 5, 1, 7, 5, 3, 3, 5, 2, 3, 3, 3, 0, 6, 0, 5, 2, 6, 5, 0, 3, 1, 3]",28.31034851,28.49931717
"[3, 0, 3, 7, 1, 0, 2, 3, 6, 2, 7, 6, 3, 7, 1, 2, 5, 1, 4, 1, 7, 0, 3, 7, 4, 2, 6, 2]",33.62677765,28.30457878
"[3, 7, 4, 7, 3, 4, 2, 0, 6, 7, 4, 2, 3, 3, 5, 7, 7, 5, 0, 2, 7, 4, 2, 1, 2, 0, 2, 6]",33.45505905,34.03627014
"[1, 6, 1, 2, 5, 6, 5, 3, 4, 4, 1, 6, 6, 1, 4, 3, 5, 1, 2, 0, 1, 5, 5, 4, 7, 3, 4, 5]",31.8913517,32.37848282
"[1, 2, 7, 0, 1, 4, 5, 1, 7, 2, 1, 2, 1, 0, 2, 7, 2, 2, 1, 2, 0, 5, 0, 3, 2, 0, 2, 6]",28.6838665,29.27568626
"[2, 2, 3, 2, 5, 0, 1, 4, 4, 6, 4, 2, 2, 6, 3, 4, 3, 3, 6, 4, 0, 2, 3, 4, 0, 7, 7, 5]",29.45865631,31.68024635
"[5, 1, 0, 7, 7, 2, 6, 3, 5, 4, 1, 5, 5, 0, 5, 0, 7, 6, 3, 3, 5, 0, 2, 4, 6, 6, 6, 6]",33.85732269,33.91556931
"[6, 4, 6, 0, 5, 4, 3, 4, 1, 3, 4, 6, 1, 0, 3, 5, 3, 2, 3, 0, 0, 3, 7, 6, 7, 1, 1, 6]",32.97528076,30.66441917
"[5, 2, 1, 1, 6, 7, 5, 0, 3, 1, 0, 2, 6, 7, 4, 0, 0, 3, 5, 5, 1, 5, 0, 1, 2, 0, 5, 3]",32.07368851,31.04653168
"[6, 0, 5, 4, 3, 5, 0, 6, 2, 6, 3, 1, 1, 4, 2, 6, 3, 7, 0, 7, 7, 0, 4, 2, 7, 6, 3, 6]",32.91577911,33.22624588
"[3, 2, 4, 2, 2, 5, 4, 6, 0, 1, 3, 2, 3, 2, 1, 5, 3, 4, 0, 7, 4, 1, 4, 0, 4, 0, 3, 6]",33.24969864,32.49087906
"[2, 1, 7, 5, 2, 6, 0, 2, 1, 0, 4, 5, 5, 2, 2, 6, 7, 1, 1, 5, 5, 7, 7, 3, 2, 6, 3, 1]",32.09381485,27.60865402
"[7, 0, 0, 6, 3, 4, 3, 6, 2, 5, 5, 1, 7, 7, 3, 5, 4, 0, 4, 6, 7, 3, 0, 0, 0, 7, 4, 0]",33.36141968,33.03980637
"[3, 3, 1, 6, 7, 5, 6, 2, 6, 6, 6, 1, 4, 5, 5, 1, 7, 0, 1, 5, 0, 6, 0, 1, 7, 4, 7, 0]",33.41875839,33.55391693
"[2, 1, 6, 5, 1, 3, 0, 3, 6, 2, 7, 4, 1, 6, 3, 1, 6, 6, 6, 4, 2, 6, 3, 6, 5, 0, 2, 6]",inf,32.73550415
"[2, 5, 5, 4, 6, 3, 3, 7, 5, 0, 6, 6, 7, 1, 7, 4, 5, 4, 6, 1, 6, 0, 0, 4, 3, 4, 5, 2]",32.17421722,30.40174484
"[2, 5, 3, 2, 0, 7, 3, 6, 0, 2, 1, 5, 5, 7, 4, 7, 7, 6, 2, 3, 7, 3, 6, 4, 3, 7, 4, 0]",33.29726791,33.52980423
"[1, 6, 1, 2, 6, 1, 1, 2, 2, 1, 4, 7, 7, 6, 6, 4, 7, 6, 5, 1, 0, 4, 7, 7, 6, 5, 1, 7]",30.78033829,31.71395874
"[2, 0, 7, 3, 6, 2, 1, 7, 5, 4, 2, 5, 5, 7, 0, 5, 2, 4, 1, 7, 6, 2, 2, 6, 7, 3, 0, 5]",33.37029266,34.06010437
"[6, 2, 0, 3, 2, 7, 3, 3, 2, 4, 6, 2, 6, 5, 4, 5, 3, 0, 1, 5, 4, 2, 2, 3, 4, 3, 5, 0]",32.71876526,31.3644371
"[6, 2, 6, 6, 5, 7, 2, 6, 2, 1, 3, 0, 2, 1, 5, 2, 6, 5, 1, 4, 3, 7, 5, 6, 0, 6, 4, 7]",inf,32.26997375
"[3, 1, 0, 0, 5, 7, 1, 2, 0, 6, 7, 5, 1, 3, 6, 0, 5, 6, 7, 0, 3, 5, 5, 7, 1, 7, 2, 7]",32.95090103,33.48505402
"[0, 7, 7, 5, 7, 3, 7, 5, 7, 7, 4, 5, 2, 2, 4, 7, 7, 2, 6, 4, 6, 3, 3, 5, 7, 4, 4, 7]",31.27709007,32.19010925
"[2, 1, 3, 3, 5, 2, 7, 0, 0, 5, 4, 6, 2, 7, 2, 5, 7, 6, 7, 7, 5, 7, 5, 3, 4, 5, 1, 5]",33.40393829,33.0738678
"[1, 1, 7, 3, 5, 7, 4, 3, 2, 0, 4, 4, 0, 5, 0, 7, 5, 5, 3, 3, 0, 3, 5, 4, 2, 3, 4, 7]",31.030653,31.03149605
"[2, 1, 1, 0, 1, 2, 4, 0, 5, 0, 4, 7, 5, 3, 6, 7, 1, 6, 7, 0, 6, 2, 5, 7, 3, 0, 2, 0]",33.23079681,33.53347778
"[7, 2, 4, 5, 5, 0, 1, 6, 3, 3, 2, 5, 4, 4, 2, 2, 4, 6, 6, 6, 7, 1, 3, 5, 3, 2, 5, 5]",30.85474968,32.17578506
"[7, 2, 2, 6, 4, 3, 5, 6, 4, 5, 1, 3, 7, 3, 0, 6, 3, 2, 1, 7, 4, 6, 4, 7, 6, 0, 2, 0]",32.8131485,33.58576965
"[7, 6, 1, 1, 5, 0, 6, 6, 3, 1, 0, 3, 5, 0, 0, 1, 2, 4, 5, 5, 1, 6, 2, 2, 0, 4, 3, 3]",32.90443039,32.48045731
"[7, 7, 5, 4, 1, 6, 1, 3, 6, 5, 4, 7, 2, 7, 4, 5, 7, 5, 7, 1, 2, 7, 1, 1, 4, 7, 7, 4]",32.92518997,33.10084915
"[7, 7, 6, 3, 0, 4, 4, 1, 0, 5, 7, 2, 5, 5, 3, 1, 4, 5, 3, 0, 2, 2, 4, 3, 6, 0, 0, 3]",34.09534836,34.37226486
"[4, 7, 4, 7, 5, 0, 1, 2, 3, 3, 5, 5, 3, 6, 0, 1, 6, 1, 7, 3, 4, 0, 5, 2, 1, 6, 6, 3]",28.29249573,28.9677906
"[1, 4, 7, 1, 0, 6, 6, 6, 1, 2, 3, 5, 1, 6, 6, 7, 4, 3, 7, 5, 4, 1, 6, 7, 4, 6, 7, 3]",27.44883347,28.04997253
"[4, 1, 1, 7, 7, 0, 6, 5, 7, 7, 0, 5, 2, 0, 6, 2, 7, 7, 0, 0, 7, 7, 5, 4, 5, 7, 3, 2]",32.16805649,32.59785461
"[3, 2, 2, 5, 3, 3, 0, 5, 0, 6, 3, 4, 6, 6, 5, 2, 6, 6, 3, 3, 6, 4, 0, 7, 0, 3, 3, 5]",33.47143936,32.90370178
"[5, 4, 7, 3, 7, 0, 0, 2, 0, 6, 2, 4, 3, 1, 2, 7, 2, 5, 3, 1, 5, 5, 3, 6, 2, 7, 6, 5]",32.17002487,27.61934471
"[7, 1, 0, 5, 1, 0, 7, 3, 0, 6, 0, 3, 4, 7, 0, 0, 2, 4, 5, 2, 0, 1, 6, 0, 7, 1, 0, 3]",33.78438568,33.01879883
"[7, 5, 1, 2, 3, 2, 2, 6, 4, 4, 4, 1, 6, 4, 3, 2, 3, 2, 2, 6, 6, 5, 2, 0, 1, 1, 7, 7]",29.90337753,27.43194008
"[0, 0, 3, 1, 1, 6, 0, 5, 4, 5, 7, 2, 7, 3, 0, 1, 1, 5, 3, 5, 2, 4, 7, 7, 3, 4, 6, 3]",32.68586731,32.74920654
"[3, 1, 0, 3, 2, 3, 3, 5, 0, 5, 3, 2, 5, 4, 1, 4, 2, 1, 7, 5, 6, 1, 6, 6, 2, 4, 4, 4]",32.128479,32.90092087
"[5, 0, 5, 7, 3, 7, 0, 7, 3, 1, 5, 7, 0, 7, 3, 3, 7, 4, 2, 1, 1, 5, 3, 1, 1, 6, 5, 4]",33.45107651,31.97483635
"[1, 1, 2, 3, 2, 3, 5, 1, 6, 1, 1, 7, 4, 6, 1, 7, 0, 3, 1, 6, 6, 4, 4, 7, 2, 3, 5, 6]",32.25053024,33.36759567
"[6, 0, 4, 4, 5, 2, 4, 4, 2, 6, 2, 5, 0, 3, 6, 5, 3, 5, 4, 2, 2, 4, 6, 6, 0, 2, 3, 2]",32.61326981,32.85171509
"[3, 4, 5, 7, 4, 1, 1, 1, 7, 1, 6, 6, 0, 1, 7, 7, 7, 7, 0, 2, 7, 4, 2, 7, 0, 7, 2, 4]",inf,33.12580872
"[6, 6, 1, 4, 5, 5, 4, 7, 2, 5, 6, 2, 2, 5, 6, 2, 2, 6, 4, 2, 4, 7, 0, 0, 7, 1, 3, 7]",33.64121628,33.41783524
"[6, 1, 3, 1, 3, 6, 5, 4, 7, 5, 7, 4, 4, 0, 4, 4, 5, 0, 3, 0, 6, 5, 7, 5, 7, 2, 5, 0]",33.395504,29.60027885
"[4, 5, 1, 7, 2, 4, 7, 6, 1, 6, 2, 2, 4, 4, 4, 1, 5, 7, 4, 7, 7, 6, 5, 4, 6, 0, 1, 6]",32.51843643,32.74062729
"[1, 7, 6, 0, 4, 0, 0, 1, 4, 7, 7, 7, 0, 2, 1, 7, 5, 5, 6, 0, 0, 4, 7, 1, 2, 7, 2, 2]",34.30222702,34.12805557
"[7, 2, 5, 1, 7, 1, 3, 4, 2, 6, 0, 3, 3, 6, 7, 4, 0, 2, 1, 4, 5, 6, 1, 4, 0, 5, 2, 5]",32.52238846,32.00099564
"[1, 3, 6, 5, 1, 7, 2, 0, 6, 1, 2, 3, 5, 0, 7, 5, 7, 7, 3, 7, 2, 7, 6, 2, 2, 2, 1, 2]",32.54264069,31.71003723
"[0, 2, 0, 3, 4, 1, 6, 0, 3, 7, 0, 7, 3, 1, 3, 6, 7, 2, 1, 1, 1, 6, 2, 6, 5, 6, 6, 0]",28.34659004,27.77443504
"[5, 4, 4, 4, 6, 1, 5, 6, 7, 0, 2, 1, 6, 0, 0, 7, 0, 1, 2, 2, 2, 3, 0, 5, 7, 5, 4, 4]",33.26253891,33.38287354
"[6, 5, 2, 6, 6, 5, 1, 5, 4, 0, 5, 1, 4, 7, 0, 2, 7, 6, 1, 3, 4, 1, 7, 6, 4, 3, 3, 2]",33.87045288,33.75651932
"[2, 6, 0, 1, 3, 1, 6, 3, 2, 0, 4, 4, 3, 4, 1, 1, 2, 3, 6, 7, 1, 3, 5, 3, 4, 6, 2, 3]",29.23042679,29.31059265
"[7, 4, 5, 3, 2, 7, 4, 7, 0, 3, 3, 1, 5, 1, 7, 5, 0, 0, 3, 7, 4, 7, 5, 2, 4, 6, 0, 7]",33.38861465,33.96984863
"[1, 6, 2, 1, 4, 6, 1, 4, 0, 5, 3, 2, 0, 2, 1, 7, 1, 0, 1, 3, 3, 6, 5, 0, 3, 6, 6, 7]",32.31545639,32.26564026
"[2, 4, 5, 3, 5, 6, 3, 0, 7, 2, 7, 4, 6, 3, 5, 3, 4, 0, 7, 2, 2, 7, 4, 0, 1, 3, 7, 7]",29.44870758,30.10253334
"[2, 5, 6, 0, 1, 1, 1, 0, 4, 2, 4, 4, 0, 7, 2, 4, 3, 6, 4, 5, 1, 7, 1, 3, 1, 2, 5, 3]",33.77155304,33.10193253
"[3, 4, 2, 0, 7, 5, 1, 0, 1, 6, 3, 7, 2, 5, 3, 7, 6, 3, 3, 0, 2, 6, 0, 4, 5, 2, 7, 6]",33.37731552,32.26750183
"[2, 4, 4, 5, 3, 7, 4, 5, 3, 0, 3, 5, 6, 7, 2, 5, 0, 1, 1, 4, 6, 5, 6, 7, 3, 5, 3, 3]",32.70932388,33.29726028
"[2, 7, 4, 0, 6, 5, 2, 6, 7, 5, 4, 1, 7, 6, 7, 1, 0, 5, 7, 6, 6, 0, 6, 5, 4, 5, 5, 4]",27.83494759,27.92842674
"[0, 3, 7, 6, 1, 6, 2, 2, 4, 5, 4, 4, 2, 3, 1, 4, 6, 7, 6, 6, 0, 1, 1, 6, 2, 6, 4, 5]",29.17593956,30.61066628
"[5, 1, 0, 2, 2, 7, 0, 6, 5, 7, 3, 6, 3, 1, 7, 1, 5, 4, 1, 7, 7, 1, 4, 4, 0, 1, 2, 7]",32.37375641,27.86341095
"[4, 3, 0, 0, 3, 3, 2, 4, 3, 6, 7, 5, 5, 3, 0, 1, 3, 7, 7, 0, 6, 6, 6, 1, 3, 4, 0, 7]",31.65246582,30.974123
"[6, 2, 5, 2, 6, 1, 2, 0, 4, 0, 5, 0, 6, 5, 0, 5, 0, 1, 6, 4, 5, 0, 1, 5, 1, 2, 4, 1]",33.38266373,33.95637131
"[7, 2, 0, 0, 5, 5, 6, 5, 4, 5, 6, 4, 0, 2, 4, 7, 2, 3, 0, 6, 2, 4, 1, 0, 0, 3, 0, 0]",33.93333817,34.09123611
"[5, 6, 5, 0, 0, 1, 1, 6, 1, 6, 5, 6, 7, 3, 0, 6, 0, 3, 0, 2, 6, 4, 3, 4, 1, 1, 0, 2]",33.4354744,33.86715698
"[5, 0, 1, 2, 1, 5, 7, 6, 3, 4, 2, 4, 4, 2, 4, 7, 0, 4, 2, 4, 1, 3, 4, 0, 6, 6, 5, 5]",33.74552536,33.21417618
"[1, 3, 5, 4, 7, 1, 6, 0, 4, 5, 5, 6, 4, 2, 7, 6, 5, 6, 7, 4, 0, 6, 1, 6, 2, 1, 0, 0]",32.92414474,32.77600861
"[3, 2, 3, 3, 0, 0, 1, 2, 7, 1, 3, 1, 3, 3, 6, 2, 4, 2, 0, 0, 3, 3, 5, 5, 6, 6, 2, 2]",28.23418427,24.35689735
"[7, 2, 1, 1, 4, 0, 7, 3, 5, 4, 6, 1, 0, 1, 0, 7, 6, 3, 0, 2, 2, 7, 4, 6, 6, 1, 1, 5]",33.33151627,30.40063286
"[7, 6, 5, 3, 2, 2, 7, 3, 2, 7, 6, 3, 6, 3, 5, 3, 2, 4, 3, 3, 1, 5, 7, 1, 0, 6, 1, 1]",33.08097076,31.4008007
"[0, 6, 6, 6, 3, 2, 7, 0, 1, 0, 7, 6, 5, 1, 6, 4, 4, 1, 3, 5, 2, 5, 4, 4, 6, 3, 1, 5]",32.07342911,32.68785095
"[3, 6, 1, 7, 6, 5, 6, 1, 3, 0, 7, 2, 2, 5, 4, 6, 1, 4, 7, 0, 6, 2, 0, 2, 0, 7, 2, 5]",33.1862793,32.85656357
"[0, 3, 0, 1, 3, 1, 2, 7, 3, 7, 0, 5, 1, 0, 7, 1, 7, 6, 1, 6, 0, 4, 5, 4, 5, 2, 0, 2]",32.89925385,33.30748367
"[1, 3, 0, 6, 6, 1, 3, 4, 0, 2, 6, 2, 5, 5, 2, 6, 5, 2, 7, 1, 2, 7, 0, 4, 0, 7, 7, 7]",32.60254669,33.01582336
"[1, 4, 0, 4, 6, 1, 6, 1, 1, 0, 3, 2, 1, 4, 3, 6, 1, 3, 2, 6, 6, 6, 3, 0, 1, 1, 6, 7]",32.83295441,33.47813797
"[1, 0, 1, 4, 5, 6, 0, 3, 7, 1, 6, 4, 3, 2, 2, 0, 0, 1, 3, 5, 1, 3, 4, 0, 2, 6, 4, 2]",32.75465012,33.4535408
"[2, 0, 7, 2, 2, 3, 4, 0, 1, 6, 7, 2, 5, 2, 1, 6, 2, 6, 2, 4, 5, 6, 1, 7, 5, 7, 1, 4]",28.21463585,27.92580223
"[0, 7, 0, 2, 3, 6, 2, 1, 6, 0, 5, 2, 2, 5, 1, 0, 0, 3, 6, 3, 4, 0, 3, 3, 4, 3, 6, 0]",32.51779938,32.92778397
"[7, 1, 6, 7, 0, 6, 0, 2, 4, 3, 4, 4, 6, 4, 4, 5, 5, 3, 6, 3, 5, 3, 6, 7, 7, 1, 7, 3]",28.17910576,26.86158752
"[6, 7, 3, 2, 5, 6, 1, 6, 7, 6, 7, 5, 0, 5, 0, 4, 3, 0, 5, 1, 3, 7, 7, 7, 5, 1, 2, 6]",33.75663376,33.33401108
"[0, 5, 6, 5, 0, 3, 7, 0, 0, 6, 2, 3, 4, 4, 0, 0, 2, 0, 1, 1, 3, 6, 7, 7, 2, 3, 4, 0]",32.57500839,31.1370697
"[6, 7, 4, 5, 5, 0, 1, 0, 5, 7, 4, 2, 3, 4, 4, 2, 7, 6, 5, 6, 6, 5, 6, 2, 3, 1, 1, 3]",27.6102047,22.89237404
"[2, 0, 0, 6, 2, 4, 3, 0, 6, 1, 7, 1, 2, 5, 7, 6, 5, 0, 0, 4, 0, 0, 5, 3, 4, 6, 1, 2]",32.48610306,33.04521179
"[7, 5, 0, 0, 7, 0, 3, 4, 0, 3, 5, 0, 2, 5, 2, 7, 0, 5, 5, 2, 3, 1, 0, 7, 6, 0, 0, 1]",28.72312737,30.11826515
"[4, 2, 0, 2, 6, 1, 2, 2, 1, 3, 5, 1, 6, 5, 6, 0, 2, 7, 5, 2, 7, 4, 5, 2, 6, 6, 7, 1]",28.33764648,24.88018036
"[7, 5, 4, 5, 2, 7, 5, 1, 4, 5, 1, 1, 2, 4, 0, 0, 0, 7, 7, 7, 5, 0, 6, 3, 5, 5, 3, 1]",32.37163925,30.78601646
"[2, 7, 4, 3, 2, 3, 7, 4, 7, 1, 1, 7, 6, 0, 7, 0, 3, 2, 2, 2, 7, 2, 1, 2, 0, 1, 1, 1]",31.40972519,29.56547737
"[3, 7, 5, 0, 5, 6, 3, 4, 6, 3, 3, 7, 5, 4, 7, 6, 7, 1, 6, 7, 0, 2, 4, 1, 4, 0, 4, 0]",33.63104248,33.77262115
"[6, 6, 2, 3, 6, 3, 5, 5, 1, 5, 7, 1, 4, 0, 2, 1, 6, 3, 5, 6, 3, 5, 5, 1, 2, 1, 7, 1]",32.80553436,31.08805275
"[2, 6, 0, 1, 7, 4, 2, 0, 3, 2, 5, 6, 1, 6, 3, 7, 4, 1, 4, 2, 5, 0, 4, 2, 6, 3, 2, 0]",32.75498199,30.98894691
"[4, 5, 0, 3, 3, 0, 3, 3, 6, 2, 3, 4, 2, 5, 4, 0, 5, 0, 6, 2, 5, 5, 4, 1, 3, 6, 0, 7]",28.18859291,28.32757568
"[1, 4, 6, 0, 5, 1, 7, 4, 2, 3, 4, 4, 7, 6, 1, 0, 7, 1, 3, 6, 2, 7, 0, 4, 0, 4, 5, 0]",32.04813004,32.85322189
"[6, 0, 5, 4, 1, 4, 4, 6, 2, 5, 0, 4, 3, 7, 6, 0, 3, 2, 0, 5, 5, 3, 7, 6, 2, 0, 3, 4]",inf,32.93871307
"[5, 5, 1, 6, 1, 5, 3, 6, 0, 4, 7, 0, 0, 0, 1, 1, 6, 3, 3, 6, 7, 1, 5, 2, 4, 1, 7, 0]",32.59545898,25.63623047
"[7, 4, 5, 6, 7, 5, 7, 2, 0, 0, 6, 2, 6, 2, 7, 6, 4, 2, 2, 3, 4, 5, 7, 1, 2, 0, 3, 2]",33.50051498,33.57072449
"[3, 0, 6, 5, 4, 1, 2, 6, 3, 7, 1, 0, 6, 5, 3, 4, 1, 6, 7, 7, 3, 4, 3, 0, 1, 7, 6, 3]",34.2922821,34.03741837
"[4, 7, 6, 0, 0, 0, 1, 2, 1, 4, 4, 0, 1, 1, 3, 6, 2, 7, 7, 2, 7, 5, 3, 4, 1, 4, 6, 7]",32.4583168,32.37500381
"[2, 3, 3, 4, 2, 0, 0, 4, 1, 0, 7, 5, 7, 4, 4, 3, 2, 5, 4, 6, 4, 4, 6, 0, 5, 2, 1, 5]",32.98078918,32.44691086
"[1, 6, 4, 7, 7, 0, 4, 6, 5, 1, 6, 6, 1, 3, 1, 2, 2, 5, 7, 5, 1, 0, 2, 3, 0, 4, 4, 1]",33.25933075,33.31797791
"[0, 0, 2, 3, 7, 6, 1, 5, 5, 0, 7, 4, 2, 7, 5, 5, 5, 4, 3, 0, 2, 6, 7, 2, 5, 3, 2, 3]",32.63635635,32.89043045
"[7, 4, 6, 7, 3, 5, 7, 3, 4, 0, 7, 1, 2, 1, 5, 2, 3, 4, 0, 2, 1, 5, 1, 2, 5, 2, 4, 4]",33.12786484,33.43877792
"[3, 1, 7, 1, 6, 2, 5, 2, 7, 4, 4, 7, 5, 0, 1, 5, 5, 3, 1, 7, 6, 2, 3, 2, 4, 3, 7, 1]",31.97340012,32.81548691
"[0, 2, 2, 0, 3, 7, 3, 6, 3, 6, 3, 4, 4, 0, 3, 4, 6, 3, 1, 7, 7, 6, 5, 4, 4, 1, 1, 1]",32.94596481,32.83428574
"[4, 1, 4, 4, 3, 1, 3, 4, 7, 4, 1, 1, 1, 3, 0, 0, 2, 3, 6, 1, 4, 0, 2, 7, 3, 0, 6, 0]",32.00960922,31.11491776
"[4, 0, 1, 3, 4, 0, 5, 1, 6, 7, 5, 2, 0, 1, 0, 6, 5, 0, 3, 4, 3, 2, 0, 2, 4, 7, 7, 1]",30.86577606,31.23798561
"[4, 2, 2, 0, 7, 7, 3, 4, 7, 7, 7, 1, 5, 7, 5, 3, 1, 5, 1, 2, 1, 0, 6, 7, 7, 1, 1, 6]",32.81151581,32.47767639
"[2, 5, 0, 1, 5, 3, 2, 0, 2, 2, 3, 7, 5, 5, 2, 6, 7, 2, 3, 4, 0, 7, 1, 4, 1, 1, 5, 2]",27.77757072,27.1902256
"[0, 1, 7, 4, 7, 3, 2, 4, 1, 0, 4, 5, 0, 7, 7, 7, 2, 0, 5, 0, 7, 7, 6, 5, 4, 7, 3, 4]",33.00600815,30.88733864
"[5, 0, 1, 6, 1, 4, 6, 3, 6, 1, 2, 6, 2, 3, 7, 1, 5, 7, 7, 4, 6, 4, 1, 7, 5, 0, 6, 7]",32.50039291,32.88776398
"[3, 1, 4, 4, 6, 3, 1, 6, 6, 2, 7, 4, 3, 5, 0, 2, 7, 0, 5, 6, 2, 3, 5, 4, 3, 1, 6, 0]",inf,33.81159592
"[5, 1, 3, 5, 2, 0, 0, 3, 3, 3, 0, 2, 3, 6, 7, 5, 0, 3, 7, 2, 6, 7, 1, 1, 1, 6, 2, 5]",32.25460434,32.50416183
"[1, 7, 2, 4, 5, 5, 0, 1, 6, 1, 7, 2, 4, 6, 6, 1, 3, 0, 5, 4, 7, 5, 6, 1, 4, 1, 0, 1]",33.51594925,33.86375427
"[2, 4, 1, 3, 0, 0, 5, 5, 7, 2, 2, 6, 1, 1, 4, 5, 1, 4, 5, 6, 2, 7, 3, 1, 7, 3, 1, 4]",32.6124382,33.11162567
"[4, 5, 0, 4, 4, 7, 6, 4, 7, 6, 5, 0, 0, 6, 0, 2, 3, 5, 5, 3, 1, 5, 0, 1, 2, 5, 0, 0]",31.89586258,32.24396515
"[2, 0, 5, 4, 6, 2, 5, 0, 6, 7, 3, 1, 7, 7, 4, 0, 3, 5, 4, 4, 6, 0, 0, 5, 2, 7, 4, 6]",33.73710251,34.1668396
"[2, 7, 0, 6, 0, 0, 7, 1, 1, 7, 2, 7, 2, 3, 3, 1, 1, 2, 6, 6, 6, 4, 3, 5, 5, 7, 0, 0]",33.19511032,33.21499252
"[0, 6, 6, 4, 7, 5, 5, 5, 0, 1, 6, 7, 4, 3, 4, 3, 3, 2, 0, 1, 4, 1, 7, 6, 2, 1, 7, 5]",32.67810822,32.59430695
"[3, 1, 5, 1, 4, 0, 3, 3, 6, 4, 0, 6, 3, 1, 6, 6, 7, 3, 0, 7, 6, 5, 3, 0, 0, 2, 2, 3]",inf,33.49344635
"[1, 2, 5, 7, 6, 4, 7, 5, 0, 5, 1, 0, 6, 1, 4, 1, 3, 0, 6, 3, 6, 6, 6, 4, 5, 3, 2, 5]",33.22840118,33.22593307
"[1, 6, 2, 2, 1, 5, 1, 6, 2, 7, 6, 5, 0, 5, 1, 7, 7, 6, 1, 1, 4, 1, 3, 0, 7, 2, 5, 5]",33.16330719,33.31295395
"[4, 6, 6, 1, 5, 3, 5, 7, 3, 1, 5, 4, 6, 3, 0, 7, 6, 0, 3, 6, 5, 5, 7, 4, 1, 0, 7, 7]",31.98620033,31.98839569
"[4, 5, 6, 5, 6, 7, 0, 3, 4, 5, 5, 5, 5, 6, 6, 3, 7, 2, 7, 2, 5, 3, 7, 3, 7, 4, 2, 7]",32.5736084,32.79634094
"[3, 7, 4, 4, 5, 7, 2, 4, 5, 3, 1, 7, 0, 7, 3, 2, 4, 0, 5, 5, 7, 3, 0, 1, 0, 6, 6, 6]",32.36029816,31.8950882
"[3, 0, 4, 1, 1, 7, 4, 2, 4, 1, 7, 2, 6, 6, 1, 0, 5, 5, 5, 0, 4, 7, 7, 3, 3, 6, 3, 7]",33.32135773,32.29815674
"[3, 6, 3, 7, 4, 6, 6, 3, 5, 4, 1, 3, 2, 4, 2, 5, 7, 4, 5, 6, 4, 3, 1, 0, 3, 7, 1, 6]",33.3283577,32.68983459
"[4, 1, 6, 5, 2, 2, 4, 4, 2, 2, 0, 7, 0, 4, 5, 6, 3, 6, 5, 6, 6, 4, 3, 4, 5, 3, 7, 3]",32.2732048,31.24426651
"[6, 0, 4, 1, 4, 7, 0, 5, 1, 0, 5, 2, 7, 7, 0, 2, 3, 5, 6, 0, 2, 1, 4, 7, 4, 3, 5, 0]",33.5006752,33.80212402
"[6, 7, 5, 4, 3, 4, 0, 1, 4, 3, 7, 5, 7, 3, 7, 3, 3, 4, 6, 4, 3, 5, 1, 6, 0, 4, 5, 3]",inf,33.66405106
"[1, 4, 0, 0, 4, 2, 4, 1, 0, 4, 0, 3, 1, 1, 0, 6, 1, 7, 1, 0, 7, 2, 2, 7, 1, 6, 2, 6]",33.16059494,33.41596222
"[0, 2, 7, 2, 0, 5, 1, 3, 5, 0, 0, 1, 5, 4, 3, 3, 3, 1, 2, 6, 0, 0, 5, 7, 3, 2, 0, 0]",31.10894012,31.78323746
"[3, 1, 3, 5, 0, 3, 1, 1, 5, 3, 3, 7, 5, 3, 2, 5, 1, 3, 2, 6, 0, 0, 2, 7, 0, 2, 1, 4]",32.98119354,32.39628983
"[4, 7, 6, 5, 5, 4, 3, 2, 6, 1, 6, 5, 5, 2, 0, 5, 7, 4, 4, 7, 7, 3, 7, 1, 4, 0, 4, 4]",33.44800186,33.33124161
"[4, 1, 1, 7, 4, 7, 2, 0, 6, 1, 1, 0, 0, 6, 1, 1, 0, 1, 2, 5, 1, 6, 7, 5, 7, 2, 5, 6]",32.76830292,32.36256409
"[4, 0, 2, 7, 2, 1, 6, 6, 7, 0, 4, 3, 0, 5, 2, 3, 5, 7, 7, 6, 1, 4, 4, 0, 1, 4, 0, 4]",32.69896698,32.82113647
"[4, 2, 1, 6, 1, 1, 7, 5, 0, 5, 5, 2, 4, 4, 2, 7, 0, 0, 6, 1, 2, 0, 6, 5, 7, 1, 5, 1]",28.78066444,29.8386898
"[4, 4, 6, 4, 4, 0, 0, 7, 5, 4, 7, 3, 4, 1, 4, 0, 5, 6, 3, 1, 7, 7, 0, 0, 2, 3, 3, 7]",33.07738113,32.75522614
"[7, 0, 1, 6, 2, 6, 5, 3, 6, 1, 4, 1, 6, 7, 4, 6, 4, 1, 3, 3, 6, 5, 3, 7, 4, 1, 7, 6]",29.58010101,29.11271286
"[6, 4, 0, 5, 1, 5, 7, 1, 2, 7, 1, 3, 1, 2, 2, 2, 1, 4, 4, 0, 0, 5, 6, 6, 5, 5, 5, 3]",31.13276291,27.46585464
"[6, 6, 4, 4, 0, 7, 7, 5, 1, 0, 1, 7, 6, 5, 3, 3, 1, 0, 1, 4, 2, 7, 4, 5, 7, 4, 1, 1]",27.93789291,28.83988762
"[2, 5, 7, 1, 7, 2, 2, 7, 6, 1, 3, 1, 1, 0, 4, 6, 3, 1, 3, 5, 4, 0, 4, 4, 1, 5, 7, 2]",33.02461243,33.14884949
"[1, 4, 1, 2, 5, 0, 7, 2, 4, 3, 4, 6, 2, 2, 2, 4, 3, 2, 1, 2, 6, 1, 2, 2, 0, 5, 1, 7]",28.36044312,29.40419769
"[5, 5, 5, 3, 6, 3, 1, 0, 4, 3, 5, 7, 3, 5, 4, 0, 0, 7, 5, 1, 0, 1, 3, 0, 3, 3, 0, 0]",33.61884689,33.34570313
"[2, 3, 1, 0, 2, 4, 3, 4, 7, 3, 3, 3, 4, 6, 2, 7, 6, 3, 2, 4, 1, 5, 4, 0, 0, 5, 7, 5]",27.61301613,28.46007347
"[5, 1, 5, 0, 0, 0, 2, 0, 2, 0, 7, 6, 5, 6, 1, 0, 4, 3, 4, 6, 6, 5, 7, 7, 5, 5, 0, 2]",33.00032425,32.21799088
"[5, 4, 3, 2, 7, 7, 0, 5, 3, 0, 3, 7, 0, 3, 5, 4, 2, 2, 3, 6, 6, 4, 4, 6, 6, 4, 4, 4]",32.99986267,30.8676796
"[5, 5, 3, 1, 0, 0, 3, 1, 1, 5, 2, 1, 2, 3, 2, 1, 7, 6, 0, 3, 1, 5, 3, 5, 2, 6, 6, 2]",32.7254982,32.35458374
"[7, 7, 6, 2, 4, 7, 2, 5, 4, 2, 0, 3, 1, 3, 0, 5, 0, 3, 2, 5, 0, 1, 6, 3, 4, 4, 7, 7]",27.77419281,28.54699135
"[3, 4, 7, 3, 0, 4, 3, 3, 4, 1, 2, 6, 7, 1, 1, 3, 7, 7, 7, 5, 2, 1, 0, 1, 6, 5, 0, 7]",inf,32.67368317
"[3, 7, 0, 3, 7, 6, 5, 4, 0, 6, 7, 7, 3, 2, 5, 7, 0, 6, 7, 1, 5, 5, 2, 6, 1, 3, 2, 0]",32.30729294,31.58573914
"[0, 2, 5, 7, 4, 1, 4, 2, 1, 3, 0, 4, 5, 0, 5, 4, 5, 1, 4, 1, 5, 1, 1, 4, 5, 7, 0, 6]",32.78434753,33.0490303
"[2, 6, 2, 2, 6, 0, 1, 3, 3, 2, 2, 6, 3, 3, 1, 3, 3, 1, 7, 7, 3, 5, 7, 7, 7, 0, 7, 7]",32.42463303,33.24053955
"[0, 6, 2, 6, 3, 2, 4, 6, 7, 1, 1, 6, 6, 2, 6, 1, 7, 0, 2, 1, 5, 5, 0, 6, 3, 5, 6, 7]",28.2288475,28.09511375
"[6, 6, 2, 1, 1, 3, 1, 3, 4, 3, 5, 7, 4, 1, 1, 2, 0, 7, 3, 0, 4, 1, 6, 0, 2, 2, 2, 6]",33.13420105,32.70811844
"[4, 0, 6, 1, 5, 7, 2, 2, 1, 6, 4, 1, 6, 1, 2, 7, 5, 4, 3, 7, 7, 7, 7, 6, 3, 0, 5, 1]",33.04440308,33.08974838
"[0, 6, 3, 1, 1, 3, 5, 0, 7, 3, 1, 3, 5, 4, 3, 7, 7, 5, 2, 4, 7, 5, 6, 7, 6, 0, 3, 7]",30.76157379,31.55966568
"[1, 5, 2, 1, 5, 2, 0, 6, 5, 1, 5, 2, 6, 2, 6, 2, 7, 3, 4, 5, 6, 3, 0, 4, 7, 6, 6, 5]",28.26449585,29.06512642
"[2, 2, 5, 4, 3, 0, 0, 2, 0, 0, 1, 0, 4, 7, 4, 6, 4, 2, 6, 3, 7, 7, 0, 7, 4, 0, 6, 6]",33.84127045,33.91432571
"[3, 5, 5, 5, 3, 6, 0, 4, 4, 4, 5, 2, 6, 3, 6, 3, 6, 3, 2, 4, 6, 7, 4, 4, 0, 1, 5, 0]",32.31163025,32.65587997
"[0, 7, 4, 7, 3, 2, 7, 2, 2, 1, 7, 2, 4, 0, 1, 6, 2, 3, 0, 7, 3, 3, 3, 6, 7, 0, 4, 5]",32.21190643,32.71182251
"[3, 3, 1, 0, 4, 2, 2, 0, 0, 6, 5, 6, 1, 6, 0, 5, 6, 2, 0, 2, 1, 7, 2, 6, 7, 1, 4, 3]",32.95848465,33.60575867
"[2, 1, 1, 6, 0, 7, 7, 0, 5, 2, 6, 4, 1, 2, 4, 3, 2, 2, 1, 5, 1, 3, 0, 6, 0, 0, 5, 4]",32.52926254,33.07071686
"[4, 0, 0, 7, 3, 7, 2, 4, 1, 6, 3, 3, 5, 1, 3, 3, 7, 5, 2, 5, 0, 0, 5, 7, 6, 6, 3, 5]",27.15971375,21.5423317
"[7, 0, 2, 2, 3, 0, 5, 1, 1, 4, 3, 2, 6, 7, 3, 0, 6, 3, 1, 0, 2, 4, 5, 4, 3, 6, 1, 2]",33.16517258,33.26978683
"[1, 3, 3, 2, 3, 5, 2, 1, 4, 2, 4, 3, 5, 5, 2, 2, 6, 0, 3, 2, 3, 5, 6, 3, 5, 3, 7, 4]",27.87313843,27.17530823
"[7, 5, 5, 3, 0, 0, 1, 5, 6, 0, 3, 6, 1, 2, 5, 7, 3, 7, 0, 5, 5, 1, 7, 2, 4, 7, 4, 5]",33.52057266,33.79255295
"[5, 0, 1, 5, 4, 4, 2, 5, 1, 0, 3, 1, 4, 4, 0, 7, 1, 6, 1, 5, 0, 6, 3, 5, 6, 1, 3, 0]",32.37107849,32.97661972
"[7, 4, 2, 4, 0, 4, 0, 2, 7, 1, 1, 2, 5, 1, 6, 7, 0, 7, 0, 2, 7, 4, 2, 6, 7, 5, 2, 7]",32.30350494,31.15712547
"[6, 7, 7, 1, 7, 2, 6, 2, 7, 3, 1, 5, 7, 5, 5, 4, 4, 1, 4, 6, 1, 4, 0, 1, 6, 2, 6, 4]",33.38029099,33.13146591
"[1, 0, 0, 7, 1, 2, 7, 2, 3, 0, 2, 2, 3, 1, 0, 2, 5, 5, 7, 2, 0, 2, 3, 7, 1, 0, 1, 1]",32.1530838,31.61118317
"[2, 0, 4, 1, 7, 2, 1, 2, 2, 1, 1, 6, 3, 1, 7, 3, 7, 4, 0, 2, 1, 5, 7, 0, 2, 0, 1, 1]",33.25070953,32.96901703
"[7, 6, 4, 1, 4, 4, 6, 7, 7, 7, 3, 5, 3, 2, 7, 1, 1, 3, 4, 5, 7, 4, 7, 3, 3, 3, 0, 1]",inf,29.6055584
"[5, 3, 6, 2, 2, 4, 4, 2, 1, 4, 2, 3, 1, 2, 5, 3, 2, 3, 0, 6, 3, 0, 7, 4, 0, 2, 5, 3]",32.70930862,33.26813889
"[3, 4, 1, 1, 7, 6, 1, 2, 0, 2, 5, 4, 7, 7, 5, 1, 1, 1, 3, 1, 2, 7, 7, 0, 1, 7, 0, 7]",33.15213394,33.6475029
"[6, 2, 7, 0, 4, 6, 2, 7, 0, 0, 3, 4, 2, 2, 3, 1, 7, 0, 6, 4, 2, 0, 1, 3, 0, 1, 1, 3]",33.05074692,33.35517883
"[4, 3, 7, 4, 3, 5, 0, 6, 4, 3, 3, 7, 0, 0, 5, 1, 3, 4, 6, 5, 6, 4, 1, 0, 1, 3, 3, 6]",31.94133759,32.18392944
"[2, 6, 3, 0, 0, 7, 3, 2, 1, 4, 2, 3, 6, 6, 6, 2, 3, 6, 4, 2, 5, 0, 1, 1, 4, 4, 0, 5]",33.52977371,32.62995529
"[3, 4, 0, 7, 4, 3, 7, 6, 6, 5, 6, 1, 0, 1, 2, 5, 2, 0, 4, 6, 4, 0, 7, 6, 7, 4, 5, 1]",33.71489334,33.36411285
"[2, 5, 6, 6, 0, 5, 3, 5, 0, 4, 7, 2, 6, 5, 0, 6, 1, 1, 4, 3, 4, 1, 7, 4, 0, 4, 6, 6]",33.12254715,33.05496979
"[3, 0, 5, 0, 3, 4, 3, 1, 6, 7, 2, 0, 0, 0, 7, 3, 3, 6, 7, 1, 1, 7, 3, 2, 4, 3, 6, 7]",inf,28.40459442
"[0, 7, 7, 5, 2, 5, 4, 0, 6, 4, 6, 6, 6, 3, 4, 4, 7, 0, 2, 3, 5, 3, 3, 1, 6, 0, 1, 7]",32.73936462,32.90345001
"[5, 1, 5, 2, 2, 2, 6, 1, 3, 7, 5, 4, 2, 3, 0, 4, 0, 2, 2, 5, 2, 1, 6, 0, 5, 0, 0, 7]",32.31080246,32.64828873
"[4, 0, 1, 1, 7, 1, 4, 7, 0, 5, 7, 1, 2, 4, 2, 5, 2, 5, 0, 2, 7, 6, 3, 4, 0, 6, 4, 7]",32.73615265,33.1134491
"[1, 4, 7, 3, 4, 3, 3, 2, 6, 0, 5, 2, 1, 6, 7, 4, 0, 5, 1, 1, 7, 7, 1, 7, 6, 1, 2, 0]",31.96600723,32.28355026
"[1, 1, 5, 2, 3, 4, 4, 4, 6, 3, 1, 2, 7, 5, 2, 3, 7, 0, 5, 6, 7, 6, 6, 0, 5, 2, 7, 6]",28.24545288,27.80171776
"[4, 6, 5, 7, 6, 3, 0, 3, 5, 7, 3, 2, 3, 4, 7, 7, 4, 1, 3, 3, 6, 2, 1, 5, 3, 2, 4, 2]",28.16997337,28.45536423
"[4, 4, 1, 7, 5, 5, 4, 5, 4, 5, 0, 3, 3, 2, 3, 1, 5, 0, 2, 0, 3, 2, 1, 3, 3, 4, 0, 2]",27.1268425,27.35382462
"[7, 6, 4, 2, 2, 0, 4, 1, 6, 5, 3, 6, 1, 6, 2, 3, 1, 7, 3, 6, 4, 6, 7, 4, 2, 3, 7, 6]",32.58353806,33.25164032
"[0, 4, 6, 7, 4, 7, 1, 7, 5, 6, 2, 1, 6, 6, 3, 2, 2, 2, 2, 2, 3, 7, 3, 5, 1, 4, 2, 6]",27.31620216,28.1986084
"[5, 6, 7, 1, 1, 3, 0, 0, 6, 1, 2, 0, 6, 2, 5, 1, 1, 6, 1, 1, 1, 2, 2, 7, 3, 3, 6, 6]",28.42762184,31.16326332
"[1, 0, 1, 0, 1, 2, 6, 6, 2, 5, 7, 5, 3, 0, 1, 3, 3, 0, 7, 6, 6, 4, 1, 6, 4, 4, 1, 2]",33.39946365,32.87974167
"[7, 7, 2, 4, 0, 4, 3, 3, 0, 5, 0, 3, 4, 5, 0, 6, 0, 5, 0, 2, 1, 0, 3, 1, 0, 6, 7, 6]",34.30218506,34.19728088
"[1, 2, 6, 3, 0, 4, 4, 5, 5, 1, 0, 5, 6, 0, 0, 5, 2, 1, 4, 6, 1, 5, 7, 6, 5, 5, 2, 4]",33.14224625,32.60190201
"[6, 4, 0, 2, 2, 1, 3, 0, 0, 2, 6, 2, 7, 6, 6, 0, 2, 1, 7, 2, 3, 1, 1, 4, 0, 2, 5, 2]",32.71034241,33.32907486
"[3, 2, 6, 4, 5, 1, 7, 1, 6, 1, 2, 0, 7, 6, 7, 0, 4, 0, 7, 1, 2, 2, 1, 7, 6, 3, 3, 4]",32.19345474,32.53094101
"[4, 0, 2, 3, 2, 0, 2, 6, 5, 6, 6, 0, 7, 5, 2, 6, 2, 6, 7, 3, 0, 5, 7, 4, 7, 3, 5, 7]",32.38346481,32.50464249
"[7, 6, 1, 4, 3, 1, 6, 1, 2, 3, 5, 1, 1, 3, 6, 5, 4, 0, 7, 0, 3, 1, 4, 1, 4, 1, 7, 0]",32.27146912,31.24100113
"[2, 6, 3, 1, 3, 5, 5, 0, 7, 7, 0, 4, 1, 6, 5, 4, 1, 4, 3, 2, 2, 7, 6, 1, 4, 3, 6, 2]",33.23231888,33.1060524
"[6, 3, 2, 7, 0, 0, 1, 3, 1, 4, 5, 7, 4, 4, 5, 0, 6, 5, 3, 2, 5, 1, 4, 7, 1, 3, 5, 0]",33.23200226,33.61146927
"[7, 6, 7, 6, 5, 2, 2, 6, 0, 7, 4, 0, 5, 4, 0, 6, 6, 7, 7, 0, 0, 6, 1, 5, 3, 0, 4, 4]",28.27329445,30.7743187
"[7, 6, 4, 0, 3, 4, 3, 7, 0, 2, 6, 1, 2, 6, 4, 1, 1, 7, 7, 5, 5, 7, 4, 7, 0, 2, 3, 6]",34.01399612,34.31165695
"[3, 1, 3, 7, 1, 1, 5, 4, 6, 7, 4, 3, 2, 2, 4, 0, 7, 5, 6, 2, 7, 3, 0, 1, 1, 4, 0, 6]",33.04627991,32.35200882
"[0, 0, 3, 6, 2, 5, 0, 5, 4, 6, 6, 2, 2, 2, 6, 1, 0, 5, 2, 4, 2, 2, 3, 5, 6, 1, 7, 0]",28.1750145,28.65348434
"[2, 4, 4, 6, 3, 1, 4, 6, 7, 4, 6, 4, 3, 3, 6, 7, 3, 1, 3, 6, 2, 4, 7, 7, 4, 4, 3, 4]",33.23010635,33.70891571
"[6, 1, 4, 0, 7, 4, 4, 3, 4, 2, 4, 5, 5, 1, 7, 7, 4, 2, 0, 7, 6, 0, 5, 6, 5, 0, 4, 6]",34.19983292,32.35632706
"[2, 0, 1, 6, 4, 1, 4, 5, 4, 4, 1, 6, 4, 4, 1, 5, 7, 6, 6, 3, 1, 2, 1, 2, 3, 1, 3, 1]",33.72924423,33.31400681
"[1, 1, 5, 3, 4, 2, 4, 4, 2, 7, 7, 4, 0, 3, 0, 0, 1, 5, 4, 0, 3, 6, 3, 2, 3, 6, 5, 6]",33.25013733,33.58843613
"[1, 4, 2, 1, 7, 1, 3, 7, 3, 4, 5, 2, 5, 1, 2, 2, 7, 3, 5, 6, 4, 1, 3, 6, 5, 4, 1, 6]",33.46636581,33.28235626
"[0, 3, 7, 4, 6, 6, 5, 4, 7, 5, 6, 7, 1, 7, 3, 3, 0, 1, 0, 6, 0, 4, 5, 0, 6, 1, 5, 1]",32.66834641,32.77413559
"[7, 1, 4, 4, 0, 6, 4, 1, 3, 1, 1, 6, 0, 6, 1, 0, 1, 5, 7, 6, 3, 7, 0, 1, 2, 0, 6, 7]",33.26441193,33.75717545
"[4, 7, 6, 6, 4, 5, 1, 0, 0, 6, 0, 1, 2, 2, 3, 6, 6, 0, 2, 7, 6, 4, 4, 6, 0, 0, 2, 7]",33.35640717,33.62688828
"[7, 0, 7, 7, 5, 4, 4, 2, 0, 4, 1, 0, 3, 6, 1, 2, 0, 0, 3, 2, 1, 3, 7, 6, 4, 7, 0, 6]",32.8947258,33.3640213
"[1, 7, 1, 2, 3, 6, 1, 0, 1, 2, 4, 6, 6, 6, 7, 2, 6, 7, 1, 1, 4, 1, 5, 6, 7, 3, 0, 7]",31.92015648,31.93512154
"[4, 4, 7, 3, 7, 6, 1, 3, 4, 3, 7, 2, 4, 3, 4, 4, 2, 0, 4, 1, 0, 3, 3, 7, 2, 7, 6, 4]",33.42155838,33.3707962
"[6, 4, 1, 0, 6, 5, 7, 3, 2, 6, 6, 1, 6, 1, 7, 6, 4, 1, 0, 5, 6, 4, 4, 3, 4, 3, 4, 7]",33.03823853,33.55736542
"[2, 4, 6, 3, 3, 2, 7, 2, 2, 4, 4, 5, 4, 2, 0, 4, 0, 3, 1, 2, 4, 1, 2, 1, 3, 4, 6, 0]",33.29272461,32.42591858
"[7, 2, 1, 1, 2, 7, 1, 3, 2, 6, 0, 3, 7, 3, 6, 1, 5, 0, 3, 1, 2, 0, 5, 3, 2, 6, 2, 6]",27.19463539,25.11835098
"[0, 7, 5, 6, 4, 1, 3, 4, 3, 7, 5, 2, 4, 7, 2, 0, 0, 2, 3, 0, 0, 7, 5, 3, 5, 2, 0, 4]",32.48487091,32.87923813
"[5, 3, 0, 7, 2, 5, 1, 6, 6, 5, 7, 5, 3, 0, 1, 2, 4, 2, 0, 2, 2, 3, 6, 1, 3, 6, 2, 2]",33.26646042,33.44723511
"[2, 0, 4, 5, 7, 4, 2, 2, 1, 6, 2, 4, 7, 0, 3, 5, 1, 7, 3, 5, 6, 2, 5, 3, 0, 7, 2, 0]",28.72798157,29.19885445
"[7, 0, 3, 5, 3, 2, 0, 5, 7, 1, 4, 5, 5, 5, 6, 3, 1, 2, 1, 4, 1, 5, 7, 5, 1, 5, 3, 7]",27.8424263,24.85718346
"[6, 0, 5, 4, 5, 3, 1, 6, 0, 2, 4, 6, 6, 6, 4, 6, 0, 0, 5, 1, 5, 6, 6, 0, 2, 5, 6, 6]",32.25177765,28.14950371
"[4, 2, 1, 5, 5, 3, 7, 4, 6, 2, 1, 6, 4, 5, 0, 1, 7, 5, 6, 6, 0, 7, 6, 3, 5, 0, 7, 1]",28.37119102,28.89063454
"[0, 7, 5, 6, 2, 1, 1, 3, 5, 2, 2, 2, 3, 2, 6, 5, 6, 0, 6, 7, 7, 4, 4, 3, 5, 7, 7, 5]",32.57223892,32.53880692
"[3, 3, 0, 2, 4, 3, 0, 5, 3, 7, 5, 7, 4, 4, 1, 4, 0, 6, 3, 1, 7, 5, 5, 1, 2, 0, 4, 4]",27.99404907,25.33576202
"[5, 7, 0, 3, 5, 4, 2, 7, 0, 6, 3, 0, 6, 4, 6, 4, 6, 6, 2, 0, 1, 0, 1, 4, 4, 7, 7, 3]",33.99961853,34.16978073
"[6, 0, 1, 4, 7, 5, 5, 2, 2, 7, 3, 5, 3, 7, 7, 5, 6, 1, 4, 6, 0, 5, 7, 4, 4, 7, 3, 3]",34.06864929,33.73981476
"[5, 2, 6, 7, 5, 5, 1, 2, 1, 3, 7, 3, 7, 7, 2, 1, 5, 1, 6, 0, 2, 1, 4, 1, 2, 7, 0, 3]",33.52471161,33.92255402
"[0, 7, 3, 0, 2, 4, 3, 6, 6, 1, 5, 0, 4, 1, 4, 1, 0, 7, 4, 3, 0, 3, 3, 2, 0, 6, 7, 2]",33.15147018,33.5803566
"[4, 3, 4, 3, 1, 1, 3, 2, 6, 3, 4, 4, 6, 0, 0, 1, 0, 3, 0, 2, 6, 7, 6, 7, 2, 5, 1, 5]",32.25439453,31.50494385
"[3, 2, 7, 4, 4, 4, 3, 1, 3, 3, 3, 5, 3, 3, 5, 6, 0, 2, 2, 5, 7, 3, 5, 4, 3, 6, 6, 1]",27.68233109,27.23311996
"[4, 7, 3, 4, 2, 0, 3, 6, 5, 2, 1, 4, 5, 0, 2, 0, 3, 1, 4, 5, 2, 2, 5, 4, 4, 1, 4, 6]",33.0166893,31.9858017
"[2, 2, 1, 6, 5, 2, 7, 3, 5, 0, 2, 6, 6, 2, 3, 7, 4, 2, 4, 3, 6, 4, 2, 7, 1, 4, 5, 6]",32.10664749,30.99280357
"[1, 0, 0, 7, 3, 4, 7, 0, 0, 6, 3, 7, 0, 0, 3, 6, 5, 7, 1, 2, 2, 5, 4, 1, 2, 4, 7, 6]",32.33298874,33.00621033
"[7, 5, 0, 0, 7, 1, 0, 6, 7, 7, 6, 5, 3, 3, 6, 2, 1, 4, 4, 7, 7, 0, 4, 2, 3, 6, 2, 2]",28.13730049,24.77452087
"[2, 4, 3, 0, 4, 1, 0, 2, 5, 0, 7, 0, 5, 0, 5, 7, 7, 5, 6, 4, 6, 2, 4, 2, 7, 2, 4, 6]",33.6734848,33.99798965
"[1, 5, 6, 2, 2, 2, 2, 1, 2, 2, 5, 4, 0, 2, 4, 5, 6, 2, 0, 4, 1, 4, 0, 2, 3, 2, 2, 7]",33.03273773,33.65052414
"[5, 1, 6, 6, 6, 2, 3, 6, 7, 0, 2, 0, 0, 3, 0, 0, 5, 2, 3, 4, 7, 2, 1, 4, 0, 5, 5, 5]",28.06304741,28.56734657
"[1, 1, 6, 1, 2, 7, 4, 4, 5, 1, 2, 0, 3, 3, 4, 5, 2, 2, 5, 7, 7, 7, 2, 1, 1, 4, 1, 7]",32.88046265,32.27988815
"[0, 6, 6, 4, 3, 3, 4, 6, 0, 6, 6, 4, 1, 7, 4, 2, 3, 6, 7, 2, 2, 5, 0, 7, 7, 2, 7, 2]",32.27886581,32.28498077
"[6, 4, 6, 3, 1, 6, 3, 5, 0, 2, 2, 1, 7, 1, 4, 0, 3, 7, 1, 2, 4, 7, 1, 0, 2, 3, 4, 2]",33.18511581,33.63035583
"[4, 5, 1, 2, 7, 5, 2, 6, 1, 7, 1, 5, 4, 7, 0, 5, 6, 7, 6, 1, 7, 3, 3, 0, 5, 7, 3, 3]",32.19729614,32.59680557
"[6, 5, 0, 5, 2, 1, 7, 0, 1, 5, 3, 4, 1, 6, 7, 5, 3, 7, 0, 0, 5, 4, 6, 4, 2, 1, 2, 5]",33.25152969,33.54940796
"[4, 6, 7, 4, 1, 3, 5, 3, 0, 7, 5, 2, 7, 5, 4, 2, 2, 1, 1, 1, 1, 7, 7, 6, 1, 4, 5, 0]",31.77299118,30.31574249
"[5, 5, 6, 4, 4, 1, 1, 3, 1, 2, 1, 3, 7, 2, 7, 5, 6, 7, 3, 5, 0, 6, 4, 5, 7, 2, 3, 0]",28.98283958,30.87043953
"[0, 1, 5, 5, 1, 4, 2, 6, 4, 2, 2, 0, 3, 2, 1, 6, 4, 0, 3, 6, 5, 2, 5, 2, 7, 5, 1, 5]",32.52355576,31.15152168
"[3, 7, 1, 0, 7, 0, 3, 1, 7, 1, 3, 4, 4, 0, 6, 2, 4, 3, 4, 4, 3, 0, 3, 4, 7, 2, 6, 3]",33.52787781,29.87424469
"[5, 5, 1, 5, 5, 2, 1, 1, 3, 4, 1, 4, 6, 2, 1, 5, 6, 0, 7, 5, 1, 5, 0, 1, 7, 4, 7, 0]",32.49192047,32.77614212
"[6, 5, 5, 2, 0, 7, 4, 3, 7, 6, 4, 3, 1, 3, 3, 5, 2, 2, 2, 4, 1, 6, 6, 6, 1, 7, 3, 5]",28.38831329,28.6642437
"[4, 5, 2, 5, 5, 2, 1, 7, 7, 7, 2, 1, 2, 0, 4, 1, 4, 5, 6, 5, 4, 3, 4, 2, 2, 4, 4, 1]",28.42560387,28.56555557
"[5, 7, 1, 3, 5, 2, 0, 5, 7, 7, 6, 5, 4, 6, 3, 0, 0, 5, 3, 1, 5, 6, 5, 5, 6, 6, 7, 1]",32.52495575,32.87063217
"[4, 0, 5, 7, 6, 7, 7, 1, 0, 0, 5, 1, 6, 2, 6, 7, 7, 6, 6, 4, 1, 1, 7, 4, 2, 0, 0, 5]",33.05920792,32.25070953
"[7, 5, 0, 3, 7, 6, 3, 7, 2, 5, 7, 0, 4, 3, 6, 5, 2, 7, 5, 4, 3, 2, 2, 6, 2, 3, 4, 0]",31.57195473,31.51423073
"[2, 6, 7, 1, 7, 2, 5, 2, 6, 3, 3, 0, 6, 7, 3, 1, 3, 1, 1, 5, 6, 3, 3, 4, 7, 4, 1, 6]",32.97449493,33.30638504
"[3, 6, 2, 5, 3, 2, 5, 3, 3, 0, 5, 7, 7, 6, 3, 7, 2, 7, 0, 5, 7, 3, 3, 1, 5, 4, 5, 7]",31.70449638,32.53423691
"[7, 7, 1, 7, 7, 1, 4, 2, 4, 6, 0, 2, 1, 3, 1, 2, 4, 4, 6, 1, 5, 5, 5, 6, 7, 5, 3, 3]",33.93936157,33.8631897
"[1, 5, 5, 3, 3, 0, 7, 1, 2, 7, 7, 1, 4, 2, 1, 7, 1, 6, 5, 0, 2, 7, 1, 7, 2, 4, 4, 2]",31.61177635,28.06490326
"[6, 2, 4, 7, 7, 0, 4, 1, 0, 1, 3, 5, 6, 6, 1, 2, 6, 5, 5, 4, 2, 6, 0, 3, 2, 2, 2, 3]",33.7762146,33.50746918
"[7, 5, 5, 0, 0, 5, 7, 7, 3, 3, 5, 5, 1, 3, 0, 7, 4, 5, 0, 6, 3, 4, 1, 6, 3, 0, 6, 5]",33.25991821,31.54578209
"[0, 5, 5, 6, 3, 0, 6, 5, 1, 5, 1, 5, 4, 3, 5, 7, 0, 1, 2, 5, 5, 2, 0, 3, 3, 0, 4, 6]",28.1692028,28.84245872
"[4, 6, 5, 0, 1, 2, 3, 6, 1, 2, 6, 5, 4, 6, 3, 0, 3, 7, 6, 4, 1, 0, 1, 4, 5, 2, 6, 4]",32.47457123,32.62253189
"[6, 0, 5, 1, 2, 1, 6, 5, 6, 2, 1, 5, 4, 0, 2, 0, 3, 7, 7, 0, 0, 4, 0, 3, 2, 2, 1, 2]",32.36613846,30.71891785
"[1, 6, 1, 4, 6, 0, 0, 4, 6, 4, 3, 1, 6, 5, 4, 3, 2, 4, 6, 5, 1, 6, 4, 4, 2, 4, 3, 7]",33.23068237,33.29485321
"[6, 1, 6, 4, 6, 4, 5, 6, 7, 5, 2, 3, 6, 7, 3, 4, 0, 0, 4, 4, 4, 2, 6, 6, 7, 1, 7, 7]",32.65522385,33.24700165
"[7, 4, 4, 4, 6, 5, 5, 3, 5, 2, 1, 3, 0, 4, 7, 6, 2, 2, 0, 6, 0, 0, 3, 0, 3, 0, 2, 7]",33.38722992,33.37420654
"[1, 1, 5, 2, 5, 5, 2, 4, 2, 2, 5, 1, 1, 3, 1, 1, 2, 2, 5, 5, 2, 1, 5, 2, 6, 6, 4, 5]",28.15837288,27.51857376
"[1, 3, 7, 6, 2, 0, 5, 5, 7, 4, 6, 5, 7, 6, 0, 5, 6, 3, 3, 5, 1, 1, 1, 6, 4, 2, 3, 7]",28.23117065,28.38518715
"[4, 6, 0, 3, 1, 0, 5, 2, 0, 0, 0, 3, 4, 2, 7, 7, 0, 1, 5, 7, 5, 6, 3, 2, 2, 3, 4, 6]",28.79088402,27.83044243
"[1, 2, 5, 6, 2, 2, 1, 6, 3, 5, 7, 2, 3, 0, 4, 1, 1, 7, 6, 2, 0, 2, 5, 3, 7, 6, 4, 7]",inf,32.6881218
"[6, 3, 4, 2, 5, 6, 1, 6, 0, 0, 2, 4, 3, 4, 0, 0, 4, 5, 6, 0, 3, 1, 4, 7, 3, 5, 7, 4]",32.91776657,32.27396393
"[7, 4, 1, 6, 3, 5, 0, 6, 2, 3, 7, 6, 4, 0, 0, 3, 0, 0, 3, 7, 2, 4, 1, 2, 0, 0, 5, 0]",33.68224335,34.02335358
"[1, 7, 1, 3, 5, 2, 4, 7, 1, 4, 3, 1, 7, 0, 5, 5, 7, 2, 6, 0, 7, 5, 5, 4, 3, 7, 2, 1]",33.72551727,33.48459625
"[1, 7, 7, 4, 3, 4, 0, 1, 4, 5, 1, 6, 1, 5, 7, 1, 4, 1, 1, 7, 4, 6, 4, 1, 5, 7, 6, 5]",33.95041275,34.01766205
"[3, 5, 2, 0, 6, 0, 7, 1, 0, 0, 7, 2, 6, 3, 6, 4, 6, 0, 5, 6, 3, 5, 4, 5, 6, 6, 4, 5]",33.74773026,33.76619339
"[4, 3, 6, 0, 5, 0, 3, 7, 1, 6, 3, 4, 2, 0, 7, 4, 1, 1, 3, 3, 1, 1, 0, 3, 6, 7, 0, 7]",32.430336,32.94153595
"[1, 4, 7, 0, 0, 4, 7, 3, 4, 5, 6, 4, 7, 7, 6, 3, 0, 1, 5, 0, 2, 7, 1, 5, 2, 2, 3, 2]",33.20335007,33.58735275
"[5, 4, 2, 3, 1, 0, 4, 6, 7, 7, 0, 4, 2, 0, 5, 1, 5, 5, 3, 0, 2, 0, 5, 0, 5, 0, 3, 1]",32.2258606,32.35488129
"[3, 4, 3, 0, 4, 2, 5, 1, 3, 2, 0, 7, 5, 3, 5, 4, 1, 4, 4, 0, 2, 0, 1, 4, 6, 5, 2, 2]",32.61872482,32.68840027
"[0, 6, 3, 0, 7, 4, 1, 4, 1, 0, 1, 6, 3, 1, 3, 3, 2, 2, 1, 4, 3, 6, 1, 3, 4, 4, 0, 1]",33.24633408,33.35820389
"[6, 6, 7, 4, 4, 5, 2, 2, 0, 3, 0, 7, 6, 0, 7, 5, 6, 7, 5, 1, 3, 0, 5, 7, 6, 5, 0, 6]",32.75618744,32.45773697
"[6, 3, 6, 6, 2, 1, 7, 0, 6, 7, 7, 6, 3, 5, 0, 0, 1, 6, 6, 6, 1, 6, 5, 4, 4, 7, 5, 6]",33.06884766,32.1140213
"[7, 4, 0, 5, 6, 7, 3, 4, 5, 7, 5, 5, 2, 3, 2, 1, 1, 1, 5, 5, 6, 2, 0, 7, 1, 7, 6, 1]",28.13491058,26.39041328
"[5, 0, 3, 6, 5, 6, 5, 6, 3, 4, 0, 2, 3, 4, 6, 5, 0, 1, 4, 2, 0, 7, 6, 4, 5, 0, 1, 1]",32.94044113,33.01859283
"[3, 4, 4, 1, 5, 5, 4, 3, 4, 5, 4, 7, 5, 1, 2, 1, 5, 3, 6, 0, 0, 7, 0, 0, 0, 3, 2, 1]",32.3708992,33.2146492
"[2, 0, 7, 2, 6, 6, 2, 6, 5, 1, 5, 3, 2, 7, 0, 4, 2, 2, 5, 4, 1, 1, 0, 2, 4, 3, 4, 7]",28.71672821,28.16835594
"[4, 1, 6, 3, 5, 0, 6, 7, 7, 7, 2, 3, 7, 2, 2, 1, 0, 3, 0, 4, 5, 2, 2, 7, 2, 6, 5, 5]",27.78891563,27.65599632
"[2, 5, 0, 4, 7, 3, 2, 1, 5, 2, 4, 1, 1, 6, 1, 7, 1, 0, 4, 5, 1, 5, 6, 5, 4, 1, 3, 4]",33.60926819,33.14137268
"[6, 0, 2, 4, 0, 0, 6, 3, 7, 5, 7, 2, 2, 5, 1, 2, 4, 0, 5, 0, 2, 0, 1, 3, 0, 1, 5, 4]",33.27898026,33.68188095
"[3, 4, 1, 0, 7, 0, 5, 0, 2, 5, 1, 0, 0, 0, 2, 0, 0, 1, 4, 0, 5, 5, 1, 2, 4, 3, 7, 6]",34.14678955,34.71435547
"[0, 3, 3, 7, 0, 6, 1, 3, 4, 5, 0, 0, 5, 2, 5, 3, 4, 3, 6, 7, 3, 2, 7, 3, 3, 6, 3, 2]",31.43616867,30.90093422
"[5, 3, 4, 1, 5, 0, 4, 7, 2, 0, 5, 3, 6, 3, 7, 6, 6, 5, 7, 3, 4, 2, 2, 4, 4, 6, 3, 6]",34.19099808,32.62848282
"[3, 7, 7, 6, 5, 2, 2, 6, 0, 0, 5, 5, 3, 7, 2, 6, 7, 0, 5, 4, 6, 0, 1, 7, 1, 2, 7, 2]",29.25406456,30.18328285
"[6, 5, 0, 3, 4, 3, 5, 7, 2, 1, 5, 1, 6, 1, 7, 6, 5, 3, 2, 5, 6, 1, 4, 6, 1, 4, 3, 0]",31.80197144,32.57766342
"[5, 6, 7, 0, 4, 1, 7, 1, 1, 3, 2, 3, 0, 3, 2, 5, 5, 0, 4, 2, 7, 0, 1, 0, 3, 6, 6, 1]",28.71629715,29.68963623
"[6, 3, 3, 5, 5, 7, 6, 5, 5, 4, 0, 6, 7, 2, 5, 2, 2, 6, 4, 0, 1, 4, 6, 6, 1, 7, 2, 0]",33.5448761,32.26449585
"[6, 3, 1, 3, 4, 7, 3, 3, 7, 4, 1, 7, 1, 0, 6, 4, 4, 0, 2, 5, 4, 5, 0, 5, 1, 7, 3, 4]",29.10247803,29.07694054
"[2, 2, 7, 2, 5, 5, 4, 3, 2, 3, 1, 3, 3, 7, 6, 5, 7, 2, 6, 2, 1, 1, 1, 5, 5, 4, 5, 3]",32.18953323,30.89169502
"[6, 6, 5, 3, 6, 5, 2, 3, 5, 5, 6, 6, 2, 2, 2, 7, 3, 5, 2, 7, 2, 4, 2, 2, 3, 3, 7, 4]",32.37150192,33.15893173
"[1, 4, 2, 3, 3, 6, 7, 3, 7, 4, 1, 0, 0, 5, 7, 5, 0, 1, 4, 7, 0, 0, 6, 1, 7, 1, 7, 3]",32.67494202,33.81126022
"[0, 1, 6, 3, 7, 3, 6, 4, 4, 1, 7, 7, 5, 7, 2, 6, 1, 1, 2, 0, 7, 4, 1, 4, 7, 3, 7, 4]",31.92035103,32.06936646
"[6, 7, 5, 3, 1, 0, 3, 3, 3, 4, 5, 7, 2, 6, 4, 4, 4, 0, 2, 2, 2, 1, 0, 3, 2, 2, 4, 6]",33.0251503,31.66031837
"[2, 3, 7, 0, 2, 6, 0, 2, 4, 0, 3, 2, 4, 1, 7, 6, 1, 6, 6, 3, 3, 6, 6, 2, 3, 5, 5, 2]",32.14342117,27.85411263
"[0, 7, 6, 1, 6, 2, 2, 2, 5, 6, 2, 1, 2, 7, 7, 5, 5, 1, 7, 4, 0, 4, 2, 0, 5, 1, 3, 2]",31.77408981,32.35244751
"[7, 6, 2, 0, 2, 2, 2, 4, 0, 2, 5, 6, 0, 1, 3, 2, 2, 2, 7, 5, 2, 1, 6, 4, 6, 2, 2, 0]",32.95386505,30.06593132
"[2, 3, 3, 5, 7, 5, 0, 2, 4, 1, 3, 2, 4, 4, 7, 6, 7, 7, 6, 6, 2, 7, 0, 6, 3, 5, 6, 4]",32.85093689,33.1047554
"[3, 2, 1, 6, 7, 7, 5, 1, 7, 7, 1, 0, 2, 4, 6, 4, 2, 2, 1, 3, 3, 5, 0, 4, 2, 3, 2, 6]",32.84592056,33.14226151
"[3, 3, 5, 7, 3, 6, 3, 2, 3, 4, 3, 7, 6, 3, 2, 1, 1, 3, 5, 4, 6, 5, 3, 5, 7, 3, 1, 5]",31.36694145,32.12303543
"[0, 3, 3, 1, 6, 0, 7, 4, 2, 0, 7, 3, 0, 1, 7, 3, 4, 0, 3, 1, 1, 3, 4, 6, 0, 7, 1, 0]",32.24541473,32.67218781
"[3, 7, 4, 6, 1, 7, 4, 4, 7, 4, 2, 3, 7, 6, 2, 0, 2, 3, 1, 3, 4, 2, 3, 5, 0, 0, 0, 4]",33.14785385,33.69419479
"[2, 3, 4, 1, 4, 6, 1, 1, 3, 7, 1, 1, 0, 5, 3, 6, 0, 6, 5, 2, 5, 6, 7, 7, 7, 2, 2, 3]",27.94286919,27.80611801
"[4, 7, 2, 2, 3, 4, 0, 2, 1, 1, 6, 0, 0, 7, 2, 2, 7, 4, 0, 3, 4, 0, 0, 1, 7, 0, 0, 7]",33.562397,33.31699371
"[2, 7, 2, 2, 3, 1, 1, 7, 2, 3, 7, 1, 6, 6, 1, 2, 2, 5, 5, 5, 4, 5, 7, 7, 3, 3, 0, 4]",33.90935135,32.90532684
"[4, 2, 4, 7, 2, 4, 7, 4, 1, 2, 1, 3, 6, 3, 6, 1, 3, 1, 6, 5, 4, 0, 4, 0, 7, 2, 2, 1]",27.143507,27.80218697
"[0, 4, 2, 0, 5, 1, 7, 4, 6, 0, 1, 4, 1, 7, 3, 3, 3, 3, 1, 5, 4, 2, 1, 2, 0, 6, 6, 3]",32.48311234,32.87428665
"[7, 7, 7, 5, 0, 5, 4, 3, 5, 5, 1, 1, 2, 4, 6, 3, 3, 6, 2, 0, 4, 0, 0, 5, 5, 6, 0, 1]",33.7588768,33.10692978
"[0, 4, 4, 5, 6, 0, 2, 5, 1, 0, 1, 2, 3, 1, 1, 6, 1, 7, 7, 1, 4, 0, 0, 0, 1, 2, 6, 5]",32.73551559,32.02743149
"[5, 1, 4, 5, 6, 3, 2, 2, 7, 0, 0, 4, 1, 1, 2, 4, 4, 5, 0, 4, 7, 5, 1, 5, 3, 0, 7, 4]",33.40711212,33.83996582
"[3, 5, 1, 3, 6, 0, 5, 1, 2, 2, 5, 3, 6, 6, 5, 3, 5, 6, 5, 2, 7, 3, 5, 3, 4, 7, 1, 1]",30.17858315,28.43030739
"[6, 5, 3, 2, 2, 4, 4, 4, 5, 0, 7, 3, 2, 2, 6, 3, 0, 2, 7, 6, 0, 3, 7, 2, 1, 0, 2, 3]",33.06987,32.95982742
"[2, 3, 0, 6, 3, 6, 3, 5, 4, 0, 3, 3, 6, 7, 3, 6, 5, 0, 5, 0, 7, 4, 1, 2, 2, 7, 3, 7]",32.65132523,32.9175415
"[2, 7, 0, 0, 4, 4, 2, 2, 5, 3, 4, 4, 2, 4, 1, 6, 6, 6, 7, 3, 4, 1, 1, 2, 1, 7, 5, 3]",33.01771927,33.63631439
"[3, 2, 6, 5, 3, 0, 3, 3, 1, 2, 6, 6, 3, 2, 1, 1, 0, 3, 3, 7, 1, 6, 0, 6, 4, 0, 3, 6]",33.29753494,31.99019623
"[5, 1, 4, 5, 0, 5, 2, 5, 3, 1, 4, 7, 1, 7, 4, 3, 2, 4, 5, 6, 5, 4, 4, 4, 6, 0, 4, 1]",33.68761063,33.97306442
"[7, 6, 3, 5, 6, 6, 0, 4, 0, 6, 3, 3, 6, 6, 4, 1, 0, 7, 7, 3, 0, 3, 5, 4, 6, 0, 1, 6]",32.92330551,32.79695892
"[4, 7, 2, 7, 6, 5, 5, 5, 5, 4, 0, 6, 7, 5, 2, 3, 6, 0, 0, 4, 0, 4, 4, 5, 3, 2, 2, 0]",32.38996506,32.35797882
"[5, 5, 4, 5, 1, 4, 3, 0, 7, 6, 5, 5, 3, 5, 0, 5, 1, 1, 1, 2, 0, 0, 4, 6, 0, 3, 2, 0]",33.23546982,33.85902023
"[1, 5, 2, 4, 1, 7, 1, 2, 2, 6, 1, 0, 7, 4, 4, 2, 2, 2, 4, 5, 3, 5, 1, 1, 4, 5, 4, 4]",32.60073853,32.97307205
"[5, 7, 0, 2, 0, 2, 5, 1, 6, 0, 2, 6, 4, 2, 0, 6, 2, 5, 7, 4, 6, 7, 5, 5, 6, 7, 1, 6]",33.01916504,33.43315125
"[0, 7, 0, 3, 2, 5, 3, 2, 6, 1, 0, 2, 5, 7, 4, 4, 5, 5, 1, 6, 7, 3, 4, 3, 7, 4, 7, 5]",32.28079224,32.25713348
"[2, 7, 6, 3, 4, 6, 5, 6, 1, 7, 2, 7, 4, 4, 4, 2, 7, 2, 0, 7, 2, 4, 2, 4, 4, 2, 7, 6]",33.4345932,30.99836731
"[5, 5, 4, 1, 6, 6, 6, 7, 2, 1, 4, 0, 5, 6, 5, 7, 4, 4, 4, 7, 3, 2, 0, 6, 4, 3, 2, 3]",32.79386902,32.63751984
"[2, 0, 4, 6, 2, 6, 2, 1, 4, 1, 0, 1, 0, 5, 4, 0, 1, 6, 3, 5, 6, 7, 3, 4, 3, 1, 6, 7]",32.66503525,33.22193146
"[3, 1, 7, 7, 7, 1, 1, 4, 4, 7, 6, 6, 4, 5, 6, 1, 0, 3, 0, 2, 1, 6, 1, 3, 1, 5, 7, 3]",31.75171089,32.76350403
"[7, 3, 1, 2, 5, 7, 0, 4, 1, 7, 2, 6, 3, 7, 0, 7, 1, 5, 1, 7, 7, 6, 5, 5, 2, 2, 2, 0]",27.84459877,28.09386063
"[0, 2, 1, 5, 2, 5, 2, 5, 5, 1, 7, 2, 0, 2, 5, 0, 0, 3, 5, 5, 0, 6, 5, 2, 6, 0, 3, 3]",29.02321434,31.86934853
"[4, 1, 4, 6, 7, 7, 2, 5, 4, 0, 1, 4, 5, 4, 3, 1, 6, 0, 6, 1, 4, 6, 0, 2, 4, 3, 2, 6]",32.73744202,32.85536194
"[4, 5, 4, 7, 6, 2, 3, 6, 3, 1, 6, 4, 0, 7, 3, 3, 3, 0, 6, 0, 2, 7, 3, 1, 0, 3, 1, 2]",33.12752914,31.45432091
"[2, 4, 7, 6, 2, 1, 4, 5, 3, 4, 1, 3, 2, 0, 6, 6, 0, 5, 7, 7, 0, 2, 2, 2, 5, 4, 7, 3]",27.62431717,23.60002327
"[3, 0, 7, 4, 6, 5, 2, 7, 1, 2, 3, 7, 6, 4, 2, 6, 2, 4, 6, 7, 0, 7, 1, 6, 0, 0, 5, 2]",inf,34.21503067
"[0, 0, 4, 1, 0, 7, 6, 6, 6, 6, 0, 2, 5, 0, 0, 1, 0, 6, 2, 3, 1, 4, 3, 3, 5, 6, 0, 6]",32.36228943,32.73506927
"[1, 6, 1, 0, 3, 0, 0, 1, 4, 1, 4, 1, 5, 4, 4, 3, 2, 3, 3, 3, 3, 4, 6, 4, 7, 0, 5, 0]",33.40856171,33.63278961
"[2, 5, 5, 4, 7, 3, 1, 2, 3, 6, 0, 7, 7, 4, 1, 3, 1, 2, 6, 1, 4, 4, 3, 4, 5, 1, 6, 0]",33.10671997,33.15336609
"[6, 7, 5, 4, 0, 7, 5, 3, 0, 4, 6, 3, 7, 2, 2, 2, 3, 1, 2, 4, 7, 6, 2, 1, 3, 0, 4, 2]",33.11309433,33.52218246
"[7, 2, 0, 4, 6, 4, 0, 1, 3, 7, 7, 0, 1, 6, 6, 4, 6, 7, 6, 7, 4, 2, 0, 4, 5, 3, 6, 5]",33.30981445,33.4033432
"[0, 2, 1, 0, 2, 3, 2, 7, 6, 0, 3, 7, 0, 4, 0, 4, 5, 1, 5, 7, 6, 0, 3, 6, 6, 7, 3, 4]",31.6723175,32.02026367
"[6, 1, 5, 5, 2, 0, 0, 3, 3, 0, 3, 2, 2, 6, 3, 3, 0, 5, 0, 3, 3, 2, 5, 2, 4, 2, 4, 7]",32.84743118,33.22997284
"[6, 2, 6, 1, 3, 7, 5, 7, 0, 2, 6, 3, 4, 5, 5, 4, 0, 7, 1, 5, 6, 3, 1, 7, 6, 3, 2, 5]",33.20751953,33.74318314
"[7, 6, 6, 7, 7, 0, 4, 0, 4, 6, 4, 3, 4, 5, 1, 0, 4, 5, 4, 5, 4, 6, 0, 4, 2, 5, 7, 5]",inf,33.54868698
"[2, 3, 6, 2, 4, 5, 2, 0, 1, 2, 3, 0, 5, 0, 7, 3, 4, 6, 2, 0, 6, 4, 1, 4, 6, 5, 5, 3]",32.1255722,30.48246574
"[4, 3, 0, 1, 4, 4, 6, 1, 6, 4, 0, 0, 1, 4, 1, 7, 0, 0, 6, 0, 4, 0, 4, 2, 0, 2, 4, 4]",28.75426674,26.37050056
"[6, 7, 0, 1, 3, 5, 0, 1, 4, 2, 3, 2, 5, 5, 0, 1, 5, 0, 3, 6, 1, 5, 5, 0, 5, 0, 7, 5]",33.58994675,33.60370255
"[4, 6, 1, 0, 2, 4, 6, 7, 5, 3, 1, 7, 5, 7, 6, 2, 1, 3, 7, 7, 1, 7, 1, 5, 1, 4, 0, 7]",32.95588303,32.95940018
"[7, 6, 3, 2, 1, 6, 3, 3, 3, 7, 0, 2, 5, 5, 5, 6, 1, 7, 3, 1, 5, 1, 1, 1, 4, 0, 2, 2]",32.66026306,32.75814438
"[5, 2, 6, 6, 7, 5, 0, 7, 7, 0, 5, 1, 1, 2, 2, 6, 2, 7, 1, 7, 0, 5, 4, 4, 3, 3, 1, 7]",32.48171234,28.32111168
"[1, 2, 0, 0, 3, 2, 6, 2, 0, 7, 7, 2, 7, 1, 7, 6, 2, 3, 7, 3, 3, 1, 1, 1, 7, 3, 4, 0]",32.45134735,31.52659607
"[0, 2, 6, 4, 2, 0, 3, 5, 4, 5, 0, 7, 1, 3, 1, 1, 0, 1, 0, 0, 7, 0, 5, 5, 2, 1, 6, 6]",28.41388893,29.44404221
"[4, 6, 3, 4, 7, 3, 5, 7, 5, 5, 6, 6, 2, 0, 5, 2, 3, 0, 5, 2, 7, 4, 0, 5, 6, 2, 5, 1]",33.25785065,31.38780785
"[6, 3, 4, 5, 2, 2, 2, 6, 3, 0, 1, 4, 2, 3, 7, 4, 4, 3, 5, 6, 2, 2, 3, 0, 7, 2, 2, 5]",32.83770752,33.05014038
"[3, 2, 2, 7, 5, 4, 7, 1, 7, 0, 2, 4, 2, 3, 5, 4, 7, 3, 3, 2, 1, 7, 4, 1, 2, 5, 7, 7]",33.15446091,32.91382599
"[1, 6, 1, 1, 7, 3, 3, 2, 1, 0, 1, 4, 4, 7, 7, 5, 2, 1, 3, 4, 3, 6, 2, 4, 3, 0, 1, 0]",32.99424744,33.47845459
"[1, 5, 7, 3, 6, 0, 3, 4, 5, 4, 5, 7, 6, 4, 6, 7, 7, 4, 2, 1, 0, 6, 2, 5, 1, 1, 1, 5]",32.18138885,32.85474396
"[3, 5, 4, 2, 5, 1, 3, 1, 6, 7, 5, 4, 3, 4, 2, 0, 3, 0, 5, 3, 0, 6, 4, 1, 7, 4, 6, 4]",28.62913704,27.87947273
"[0, 2, 3, 7, 5, 5, 5, 0, 0, 2, 0, 1, 2, 7, 7, 3, 2, 4, 1, 6, 5, 4, 7, 2, 1, 4, 7, 0]",33.03425217,33.06362534
"[6, 7, 6, 7, 4, 3, 1, 0, 2, 2, 3, 6, 5, 3, 7, 3, 3, 5, 7, 3, 0, 5, 1, 4, 5, 5, 5, 1]",33.52012634,33.60932541
"[2, 6, 7, 7, 0, 5, 5, 7, 6, 0, 7, 0, 6, 7, 6, 6, 0, 6, 7, 2, 2, 5, 5, 7, 3, 0, 3, 3]",32.96668625,32.61087418
"[1, 0, 6, 4, 4, 1, 5, 6, 7, 4, 5, 4, 0, 1, 7, 4, 3, 3, 2, 1, 5, 4, 6, 4, 5, 6, 6, 5]",33.33152771,34.07152557
"[3, 0, 0, 2, 1, 5, 1, 1, 4, 2, 0, 0, 5, 5, 1, 0, 4, 5, 6, 4, 6, 1, 2, 3, 2, 0, 3, 0]",32.97476578,32.32625961
"[2, 5, 1, 6, 5, 2, 5, 3, 7, 1, 0, 2, 6, 0, 5, 7, 6, 2, 2, 6, 0, 0, 4, 4, 5, 4, 7, 5]",27.62290573,28.28054047
"[2, 3, 3, 3, 2, 1, 4, 1, 5, 3, 3, 1, 3, 6, 1, 1, 1, 2, 0, 5, 7, 0, 0, 0, 4, 2, 7, 0]",32.64849472,32.82749176
"[6, 3, 6, 7, 0, 7, 4, 3, 6, 5, 5, 0, 2, 3, 0, 5, 1, 4, 2, 0, 6, 4, 2, 7, 3, 1, 0, 5]",30.87032509,30.92116547
"[1, 3, 0, 4, 2, 2, 1, 2, 6, 3, 2, 1, 7, 1, 2, 1, 0, 3, 2, 1, 7, 1, 4, 3, 4, 7, 3, 0]",32.20434189,32.46974182
"[5, 2, 4, 5, 4, 2, 5, 2, 0, 3, 7, 2, 6, 0, 0, 6, 1, 0, 1, 6, 3, 0, 5, 2, 7, 1, 6, 5]",33.46600342,32.60052109
"[0, 1, 4, 7, 0, 0, 3, 5, 0, 7, 6, 1, 5, 6, 3, 0, 7, 0, 1, 7, 6, 2, 6, 5, 6, 7, 2, 3]",32.76420975,32.9561348
"[1, 1, 2, 6, 4, 1, 2, 6, 0, 1, 2, 4, 3, 2, 5, 6, 0, 6, 2, 0, 4, 4, 2, 5, 6, 3, 5, 1]",28.89140129,29.26637459
"[5, 4, 5, 1, 3, 7, 1, 6, 5, 5, 1, 6, 7, 5, 6, 6, 5, 5, 6, 2, 5, 0, 5, 7, 3, 5, 1, 1]",28.22350693,29.27137375
"[0, 6, 2, 4, 7, 7, 7, 2, 3, 0, 3, 3, 3, 0, 6, 5, 7, 5, 0, 2, 5, 0, 0, 7, 0, 6, 5, 3]",32.30390549,31.5084095
"[3, 3, 0, 3, 5, 1, 2, 7, 0, 5, 0, 2, 4, 2, 5, 0, 6, 1, 0, 5, 2, 5, 2, 5, 6, 6, 3, 6]",33.1671257,33.53412247
"[4, 2, 2, 7, 2, 4, 6, 4, 0, 0, 0, 1, 6, 2, 5, 7, 6, 3, 1, 3, 2, 2, 2, 7, 3, 2, 0, 5]",31.98881531,32.29547119
"[6, 6, 7, 7, 2, 1, 1, 5, 6, 6, 0, 6, 0, 4, 1, 4, 2, 4, 1, 7, 4, 1, 5, 2, 3, 2, 5, 5]",33.15135574,33.0884285
"[6, 7, 1, 7, 6, 2, 0, 2, 2, 5, 0, 3, 5, 3, 3, 7, 1, 1, 2, 1, 7, 7, 1, 4, 1, 4, 4, 1]",32.94519806,33.32210159
"[6, 0, 4, 0, 0, 7, 5, 6, 6, 0, 2, 0, 2, 5, 4, 2, 7, 4, 4, 0, 5, 2, 0, 4, 2, 5, 1, 6]",32.74338913,33.14141846
"[1, 2, 0, 3, 3, 1, 2, 5, 5, 3, 6, 0, 2, 2, 7, 5, 5, 5, 6, 6, 4, 2, 6, 4, 3, 2, 6, 4]",33.08704758,33.83183289
"[4, 4, 4, 5, 7, 3, 4, 6, 3, 3, 2, 5, 3, 4, 7, 2, 2, 4, 4, 4, 5, 4, 3, 5, 5, 4, 1, 4]",26.35010529,26.04236794
"[4, 6, 2, 1, 5, 4, 6, 5, 7, 2, 1, 1, 4, 1, 2, 6, 2, 5, 5, 2, 2, 4, 5, 4, 3, 7, 5, 6]",25.43784714,26.88469124
"[4, 1, 2, 6, 7, 1, 6, 0, 0, 7, 1, 3, 6, 3, 6, 1, 6, 7, 3, 7, 6, 0, 0, 6, 7, 6, 3, 0]",25.85602379,25.59284592
"[2, 3, 3, 3, 2, 3, 6, 1, 3, 3, 5, 3, 4, 5, 6, 5, 2, 6, 5, 0, 1, 5, 4, 4, 7, 3, 2, 5]",25.13305283,24.64256477
"[5, 2, 2, 1, 6, 4, 0, 6, 3, 4, 3, 7, 0, 3, 7, 5, 1, 6, 6, 7, 2, 4, 3, 6, 2, 2, 7, 3]",24.82666397,26.71324921
"[1, 6, 1, 1, 0, 4, 2, 1, 2, 3, 3, 0, 2, 0, 4, 5, 5, 2, 0, 7, 6, 5, 5, 5, 1, 5, 5, 3]",25.85864449,27.50941086
"[5, 6, 6, 4, 4, 0, 1, 3, 3, 4, 3, 5, 7, 3, 0, 4, 2, 1, 2, 0, 2, 7, 6, 2, 1, 1, 2, 2]",26.16240501,27.12243843
"[1, 3, 3, 2, 1, 5, 5, 7, 2, 4, 2, 1, 7, 7, 6, 1, 5, 3, 4, 0, 0, 1, 4, 7, 6, 6, 4, 3]",24.94898605,23.97678185
"[1, 1, 4, 2, 4, 0, 2, 4, 6, 2, 7, 0, 7, 4, 0, 0, 3, 0, 0, 7, 4, 0, 6, 0, 4, 4, 3, 7]",29.6343956,30.47921944
"[5, 1, 1, 3, 2, 5, 2, 6, 4, 4, 6, 5, 1, 3, 6, 2, 4, 6, 2, 1, 5, 4, 6, 3, 0, 5, 0, 7]",23.78022766,23.3954792
"[3, 1, 1, 7, 3, 4, 2, 6, 2, 1, 0, 1, 6, 4, 3, 2, 0, 3, 4, 7, 3, 6, 4, 6, 3, 3, 5, 7]",22.03650093,22.55296898
"[4, 5, 6, 5, 0, 0, 6, 1, 7, 2, 4, 6, 2, 3, 3, 2, 5, 7, 0, 1, 5, 0, 1, 7, 1, 0, 0, 4]",25.39076424,24.55675507
"[7, 3, 1, 3, 7, 2, 6, 5, 6, 0, 0, 2, 4, 5, 4, 3, 7, 2, 6, 5, 5, 0, 2, 6, 7, 5, 5, 4]",24.86183739,24.84444046
"[1, 3, 3, 4, 4, 5, 4, 4, 6, 2, 5, 6, 5, 2, 3, 0, 4, 3, 5, 6, 4, 6, 2, 3, 4, 5, 4, 0]",25.63062286,26.93852043
"[3, 4, 3, 6, 2, 5, 3, 4, 6, 1, 3, 1, 4, 1, 6, 6, 0, 5, 7, 7, 7, 7, 2, 3, 4, 3, 2, 7]",25.62301636,26.72690201
"[0, 6, 4, 0, 2, 1, 0, 4, 6, 1, 6, 2, 4, 5, 1, 0, 5, 4, 0, 4, 5, 7, 3, 6, 3, 4, 2, 5]",26.08207893,27.49409676
"[1, 5, 5, 4, 4, 3, 4, 7, 2, 7, 0, 1, 5, 0, 6, 4, 2, 4, 0, 4, 1, 3, 0, 2, 2, 5, 2, 2]",25.98777199,26.39192581
"[1, 1, 0, 4, 6, 2, 5, 3, 0, 4, 6, 7, 3, 5, 0, 6, 1, 6, 7, 1, 0, 5, 0, 3, 1, 0, 7, 3]",25.54155159,27.33351326
"[1, 0, 3, 4, 5, 4, 0, 3, 7, 5, 3, 6, 1, 4, 0, 1, 6, 2, 0, 6, 7, 4, 6, 6, 1, 2, 5, 7]",26.19880295,27.16377831
"[0, 0, 4, 4, 5, 5, 6, 5, 0, 6, 7, 4, 1, 0, 3, 7, 1, 6, 6, 4, 0, 0, 3, 0, 3, 4, 0, 5]",24.21936798,25.02129745
"[7, 6, 7, 6, 2, 7, 5, 3, 7, 6, 6, 4, 5, 4, 4, 7, 4, 3, 6, 1, 6, 6, 0, 4, 0, 7, 0, 5]",25.23456192,24.87624359
"[0, 0, 2, 6, 2, 5, 1, 0, 3, 7, 0, 0, 4, 6, 0, 4, 2, 4, 3, 6, 1, 5, 2, 5, 6, 2, 1, 5]",27.11690521,23.45168877
"[4, 4, 6, 1, 4, 1, 5, 5, 7, 4, 1, 6, 3, 1, 7, 1, 3, 0, 7, 2, 4, 7, 5, 2, 3, 4, 2, 3]",21.03764534,20.20992279
"[6, 0, 4, 2, 3, 7, 1, 1, 3, 2, 5, 3, 4, 7, 2, 2, 1, 7, 3, 2, 6, 5, 5, 6, 4, 4, 0, 7]",21.33149529,22.20728874
"[7, 7, 1, 5, 0, 2, 6, 3, 1, 6, 5, 4, 2, 2, 2, 7, 0, 2, 1, 2, 5, 0, 2, 3, 6, 7, 7, 1]",25.21814728,24.8860321
"[4, 4, 7, 4, 1, 3, 7, 6, 0, 4, 7, 3, 1, 5, 2, 2, 6, 4, 3, 6, 1, 7, 7, 3, 5, 0, 7, 4]",25.8876915,26.86385345
"[2, 4, 7, 0, 4, 2, 5, 5, 2, 6, 7, 0, 5, 5, 0, 1, 5, 1, 0, 1, 5, 5, 5, 4, 2, 2, 5, 4]",22.4522686,25.4615345
"[0, 2, 3, 7, 3, 7, 1, 1, 2, 2, 3, 7, 5, 6, 5, 4, 3, 2, 1, 2, 3, 4, 7, 2, 7, 0, 5, 1]",25.61380386,26.99540329
"[4, 1, 1, 0, 6, 4, 5, 5, 6, 4, 5, 3, 4, 6, 5, 3, 2, 5, 6, 3, 4, 3, 1, 5, 3, 4, 7, 0]",26.08923531,21.81397057
"[4, 2, 4, 2, 1, 1, 4, 6, 4, 5, 7, 4, 3, 0, 4, 5, 3, 3, 7, 0, 5, 3, 0, 0, 2, 0, 4, 3]",28.27519989,28.12848282
"[1, 1, 5, 1, 0, 6, 1, 5, 2, 1, 7, 2, 7, 2, 1, 1, 0, 1, 3, 3, 0, 6, 3, 7, 5, 7, 5, 5]",25.4062252,27.37096977
"[6, 5, 4, 4, 4, 1, 2, 7, 7, 5, 6, 6, 7, 7, 5, 2, 1, 1, 0, 5, 3, 5, 6, 6, 4, 3, 2, 1]",22.58054352,22.52402878
"[5, 0, 5, 0, 2, 2, 7, 5, 2, 5, 5, 3, 0, 3, 3, 5, 5, 0, 1, 5, 0, 2, 1, 6, 0, 1, 5, 4]",23.08889198,24.4517746
"[3, 3, 2, 0, 0, 1, 0, 7, 3, 5, 7, 3, 3, 0, 1, 4, 5, 0, 7, 0, 3, 6, 6, 2, 6, 3, 7, 3]",26.34072304,27.57030678
"[3, 7, 0, 2, 1, 2, 4, 0, 6, 4, 6, 5, 7, 1, 0, 4, 5, 0, 7, 0, 1, 5, 2, 4, 3, 5, 5, 3]",27.41527939,27.72620392
"[1, 7, 6, 2, 1, 6, 4, 3, 5, 3, 4, 2, 0, 1, 3, 7, 3, 5, 1, 3, 6, 3, 7, 0, 1, 7, 1, 3]",25.84086418,27.14863968
"[6, 3, 3, 0, 1, 1, 2, 5, 1, 6, 6, 7, 4, 2, 2, 5, 2, 1, 3, 3, 5, 5, 7, 1, 0, 6, 0, 0]",28.34155273,23.32466507
"[4, 2, 5, 0, 7, 6, 0, 1, 6, 4, 6, 3, 0, 0, 4, 4, 7, 2, 3, 1, 1, 0, 7, 3, 6, 1, 7, 2]",26.7146759,27.03329277
"[3, 5, 1, 0, 7, 2, 3, 0, 2, 1, 2, 6, 7, 4, 3, 3, 0, 4, 0, 0, 4, 4, 0, 2, 0, 2, 5, 2]",26.79068184,26.07492065
"[3, 4, 1, 0, 2, 1, 0, 3, 6, 0, 0, 0, 7, 2, 2, 6, 4, 7, 6, 4, 2, 5, 3, 0, 5, 5, 6, 5]",25.44826698,24.29196548
"[3, 5, 3, 4, 7, 7, 1, 3, 1, 7, 0, 3, 1, 7, 6, 1, 6, 5, 4, 5, 0, 6, 2, 1, 7, 4, 1, 1]",25.41013336,26.31182098
"[5, 6, 7, 5, 0, 3, 6, 1, 0, 1, 6, 7, 3, 2, 5, 7, 1, 6, 0, 7, 2, 1, 4, 2, 0, 1, 4, 0]",29.90711021,30.48246002
"[7, 2, 2, 6, 2, 1, 0, 4, 7, 3, 3, 6, 5, 7, 5, 1, 6, 3, 6, 7, 4, 1, 0, 0, 2, 0, 6, 4]",27.61968613,26.2092514
"[3, 7, 3, 6, 6, 2, 7, 5, 5, 4, 0, 1, 5, 5, 1, 3, 2, 3, 4, 5, 6, 1, 5, 5, 7, 5, 3, 1]",23.21322823,25.0812664
"[4, 1, 6, 6, 4, 7, 3, 6, 2, 2, 0, 5, 0, 4, 3, 7, 2, 1, 2, 7, 2, 1, 4, 7, 3, 4, 2, 5]",23.29746819,22.08034897
"[5, 5, 2, 0, 5, 0, 7, 4, 4, 5, 4, 4, 4, 1, 6, 0, 1, 0, 6, 3, 7, 2, 0, 6, 4, 7, 7, 6]",26.20972252,25.19520378
"[7, 5, 6, 4, 2, 1, 7, 2, 0, 2, 0, 0, 2, 2, 6, 4, 1, 0, 1, 4, 0, 5, 3, 1, 0, 6, 5, 2]",26.35228729,28.39510727
"[5, 6, 0, 6, 7, 2, 7, 1, 7, 6, 3, 5, 4, 3, 5, 0, 3, 7, 2, 6, 0, 5, 7, 4, 6, 4, 0, 2]",25.97172737,26.17494202
"[5, 0, 3, 2, 4, 4, 2, 5, 3, 2, 2, 1, 1, 2, 2, 7, 4, 5, 1, 0, 2, 6, 7, 5, 2, 7, 3, 1]",25.38148689,25.80835342
"[5, 5, 4, 3, 6, 5, 2, 1, 2, 0, 4, 0, 2, 6, 0, 0, 1, 4, 1, 1, 3, 4, 7, 4, 5, 7, 2, 6]",28.29061699,30.75079536
"[6, 7, 0, 3, 2, 4, 5, 5, 7, 0, 3, 7, 7, 2, 1, 1, 1, 7, 6, 7, 2, 7, 5, 6, 4, 3, 6, 0]",26.29154778,24.80560303
"[0, 3, 1, 5, 3, 2, 1, 4, 7, 5, 7, 0, 0, 0, 0, 2, 5, 0, 5, 2, 5, 0, 0, 5, 4, 1, 7, 5]",25.77266884,21.86973763
"[0, 0, 4, 1, 5, 5, 1, 1, 1, 6, 5, 7, 4, 1, 4, 7, 5, 7, 1, 3, 0, 7, 1, 7, 0, 4, 7, 6]",25.18988419,25.50396156
"[2, 4, 1, 2, 7, 4, 5, 2, 2, 6, 4, 1, 6, 0, 0, 1, 5, 0, 6, 2, 2, 0, 0, 3, 4, 1, 5, 0]",25.88929749,19.99854469
"[3, 1, 3, 3, 0, 3, 2, 1, 5, 5, 4, 2, 5, 7, 6, 4, 1, 3, 0, 4, 0, 4, 6, 6, 5, 7, 2, 4]",26.75480843,27.35523796
"[7, 4, 1, 7, 3, 5, 4, 0, 5, 2, 6, 7, 1, 0, 5, 4, 0, 2, 3, 2, 0, 2, 6, 5, 0, 0, 2, 6]",24.90571976,27.20135498
"[5, 2, 4, 3, 3, 0, 5, 3, 0, 0, 4, 4, 2, 1, 4, 7, 7, 5, 0, 3, 3, 1, 3, 7, 2, 4, 1, 7]",27.98531532,25.37947845
"[7, 4, 5, 4, 3, 0, 2, 4, 2, 3, 1, 5, 5, 4, 7, 1, 0, 6, 6, 4, 7, 3, 0, 1, 3, 3, 3, 2]",21.68190002,21.82850266
"[0, 1, 1, 6, 4, 7, 5, 3, 2, 5, 2, 4, 1, 0, 0, 6, 5, 7, 5, 4, 2, 2, 5, 6, 3, 7, 7, 3]",22.83708382,25.0472126
"[1, 5, 6, 7, 0, 4, 1, 0, 5, 7, 2, 5, 5, 2, 3, 7, 5, 6, 0, 6, 0, 2, 1, 0, 4, 3, 5, 4]",27.93066597,22.81804085
"[4, 7, 7, 1, 5, 0, 5, 5, 7, 1, 3, 1, 4, 2, 2, 4, 1, 5, 0, 3, 0, 6, 0, 7, 6, 7, 6, 4]",25.70479774,19.37043953
"[4, 4, 0, 0, 4, 6, 3, 3, 0, 7, 0, 2, 3, 5, 7, 7, 3, 5, 1, 1, 1, 7, 4, 2, 7, 2, 6, 1]",20.73765373,20.69290924
"[2, 3, 2, 1, 3, 7, 7, 2, 7, 3, 4, 7, 1, 7, 3, 5, 6, 5, 7, 0, 5, 1, 6, 5, 4, 1, 0, 6]",25.33200264,26.78156471
"[4, 1, 5, 1, 1, 3, 1, 1, 1, 3, 5, 6, 2, 6, 1, 5, 1, 7, 3, 1, 1, 6, 3, 1, 1, 0, 3, 0]",25.34273148,26.66098022
"[3, 6, 1, 1, 3, 5, 5, 3, 0, 2, 1, 6, 7, 7, 6, 4, 7, 4, 1, 6, 6, 5, 5, 6, 3, 2, 7, 1]",25.18029022,25.99246979
"[5, 4, 3, 2, 4, 7, 3, 6, 5, 1, 5, 3, 2, 1, 4, 5, 6, 7, 4, 4, 4, 3, 2, 6, 7, 4, 2, 6]",20.46029282,20.12164307
"[4, 5, 3, 4, 6, 7, 7, 6, 7, 1, 3, 1, 5, 0, 0, 6, 4, 2, 3, 3, 4, 7, 5, 0, 6, 5, 1, 7]",20.48255539,21.31560135
"[6, 7, 2, 7, 7, 7, 5, 6, 1, 3, 5, 4, 0, 4, 1, 3, 0, 5, 2, 1, 0, 7, 6, 5, 3, 7, 0, 3]",26.36341286,26.91267776
"[5, 7, 3, 4, 1, 3, 3, 5, 4, 2, 1, 2, 7, 2, 4, 5, 5, 7, 6, 7, 1, 7, 2, 3, 5, 3, 0, 4]",24.67124939,26.10530472
"[0, 0, 2, 2, 7, 4, 7, 4, 4, 1, 0, 2, 5, 6, 5, 5, 0, 4, 1, 5, 0, 5, 1, 0, 7, 4, 2, 1]",25.52600288,26.96008492
"[2, 4, 4, 1, 6, 4, 2, 2, 0, 0, 7, 7, 7, 7, 5, 1, 0, 6, 1, 7, 6, 3, 5, 3, 4, 5, 5, 7]",26.2651062,26.4263134
"[1, 2, 6, 0, 2, 6, 0, 3, 7, 4, 7, 0, 1, 7, 3, 3, 4, 7, 3, 0, 6, 4, 4, 1, 3, 3, 0, 1]",24.84195328,16.87968445
"[5, 0, 1, 7, 0, 6, 7, 0, 7, 3, 7, 6, 5, 3, 4, 3, 0, 3, 3, 3, 7, 2, 2, 0, 7, 0, 1, 6]",25.94491196,26.59376526
"[4, 2, 6, 6, 3, 4, 6, 4, 0, 2, 2, 5, 7, 4, 3, 5, 1, 3, 4, 7, 4, 0, 5, 7, 7, 5, 1, 0]",23.65836143,22.2301712
"[7, 7, 0, 1, 1, 3, 4, 0, 0, 3, 7, 2, 3, 0, 3, 0, 5, 2, 7, 5, 2, 3, 3, 2, 4, 4, 0, 0]",25.63842773,27.54248238
"[1, 5, 2, 1, 5, 4, 7, 4, 4, 3, 7, 7, 5, 6, 7, 0, 6, 4, 1, 5, 3, 2, 6, 7, 6, 1, 3, 0]",27.13526917,27.84900475
"[5, 3, 0, 5, 7, 6, 2, 5, 3, 3, 0, 4, 4, 4, 6, 7, 7, 1, 1, 4, 6, 7, 3, 6, 0, 3, 1, 3]",25.69846535,27.13996887
"[0, 2, 3, 2, 6, 0, 3, 1, 4, 3, 2, 4, 2, 5, 7, 6, 0, 4, 5, 6, 0, 4, 2, 0, 5, 7, 5, 1]",27.62991524,22.55347824
"[0, 7, 1, 5, 5, 3, 2, 4, 1, 2, 5, 7, 3, 2, 6, 6, 1, 0, 0, 5, 7, 7, 3, 0, 4, 7, 0, 7]",22.32402611,22.29530334
"[5, 4, 1, 0, 5, 5, 5, 7, 7, 0, 3, 4, 1, 7, 1, 2, 1, 5, 7, 5, 1, 4, 4, 1, 3, 5, 3, 0]",25.15616417,25.00237465
"[7, 7, 4, 3, 2, 1, 1, 1, 3, 7, 3, 5, 2, 7, 5, 0, 2, 6, 6, 2, 2, 3, 7, 5, 1, 5, 2, 5]",24.55550957,25.18638039
"[6, 7, 3, 5, 2, 2, 6, 4, 3, 0, 2, 5, 7, 0, 6, 1, 7, 3, 3, 0, 2, 6, 3, 3, 2, 0, 4, 2]",25.8390274,24.52164841
"[6, 3, 2, 1, 7, 2, 5, 3, 4, 2, 1, 2, 0, 6, 7, 5, 3, 4, 5, 6, 0, 0, 2, 2, 4, 2, 6, 6]",27.76364136,29.56818771
"[3, 1, 1, 4, 2, 0, 7, 1, 0, 1, 7, 6, 5, 2, 2, 3, 5, 3, 7, 5, 1, 4, 4, 5, 7, 4, 2, 6]",26.44103432,26.13017464
"[2, 0, 5, 0, 6, 3, 2, 0, 0, 6, 5, 0, 5, 6, 5, 4, 7, 6, 6, 7, 4, 0, 3, 0, 2, 1, 2, 7]",26.87585449,28.83639526
"[1, 0, 7, 3, 0, 2, 4, 2, 7, 4, 4, 1, 0, 3, 2, 1, 7, 6, 7, 1, 3, 2, 1, 7, 4, 4, 4, 6]",26.55980682,27.10864258
"[0, 1, 7, 0, 5, 5, 2, 3, 5, 4, 6, 6, 2, 3, 4, 4, 1, 6, 2, 6, 7, 4, 5, 4, 6, 7, 5, 3]",25.43858147,27.38388252
"[5, 6, 0, 3, 3, 0, 1, 2, 0, 3, 5, 0, 1, 3, 2, 4, 5, 3, 7, 6, 5, 5, 6, 4, 5, 6, 6, 4]",24.01114082,27.27182388
"[5, 5, 4, 2, 3, 6, 0, 4, 5, 3, 4, 7, 6, 0, 1, 0, 0, 6, 4, 7, 1, 5, 4, 1, 4, 5, 5, 5]",26.29787254,26.77425575
"[6, 3, 4, 3, 7, 4, 6, 5, 0, 3, 3, 4, 3, 3, 2, 1, 1, 4, 2, 0, 3, 1, 0, 3, 2, 3, 3, 6]",21.97844696,22.86816025
"[2, 3, 7, 6, 0, 7, 1, 4, 2, 2, 4, 2, 3, 6, 1, 7, 7, 7, 1, 3, 0, 3, 4, 2, 2, 3, 4, 0]",22.83900452,22.43594551
"[1, 6, 4, 0, 0, 4, 7, 4, 2, 0, 3, 1, 5, 0, 1, 5, 3, 4, 5, 5, 2, 7, 6, 4, 7, 5, 7, 3]",26.44190025,28.11952972
"[1, 7, 5, 6, 7, 5, 5, 1, 5, 1, 5, 7, 1, 1, 0, 3, 7, 6, 6, 3, 3, 6, 6, 4, 2, 6, 6, 1]",28.59198761,25.93118095
"[3, 3, 1, 7, 1, 7, 1, 7, 1, 5, 0, 5, 4, 1, 1, 3, 3, 2, 6, 6, 3, 5, 0, 0, 6, 3, 7, 0]",25.97871399,23.30653
"[5, 7, 4, 1, 3, 1, 1, 3, 5, 4, 1, 2, 6, 3, 5, 0, 6, 7, 0, 2, 2, 5, 6, 4, 1, 4, 4, 5]",26.42632675,25.07063484
"[3, 0, 3, 4, 6, 6, 4, 2, 0, 1, 7, 5, 6, 4, 2, 3, 3, 1, 7, 0, 7, 5, 7, 3, 5, 6, 6, 5]",25.79331589,25.05101204
"[4, 4, 7, 3, 2, 0, 1, 6, 0, 6, 5, 3, 0, 3, 5, 6, 5, 4, 7, 5, 4, 7, 3, 4, 3, 3, 0, 4]",25.38932991,21.51203537
"[5, 6, 4, 2, 5, 7, 6, 0, 7, 3, 4, 3, 1, 0, 0, 6, 1, 5, 7, 1, 6, 3, 4, 2, 5, 7, 7, 4]",21.7240181,21.39111137
"[7, 2, 6, 5, 1, 2, 7, 5, 2, 3, 0, 5, 4, 3, 0, 5, 5, 0, 1, 4, 0, 4, 6, 4, 4, 7, 0, 4]",8.446847916,8.564260483
"[2, 0, 1, 2, 0, 7, 4, 5, 0, 1, 3, 7, 0, 6, 2, 6, 0, 1, 4, 6, 1, 2, 6, 2, 4, 3, 0, 0]",25.56438446,27.61303902
"[6, 2, 5, 6, 0, 3, 6, 6, 4, 6, 3, 6, 3, 2, 5, 7, 6, 1, 2, 5, 6, 0, 6, 3, 0, 4, 4, 4]",26.15434647,24.0592289
"[6, 7, 2, 5, 7, 7, 5, 3, 6, 3, 2, 4, 5, 1, 1, 6, 6, 3, 5, 3, 2, 0, 5, 0, 1, 5, 4, 0]",26.06045151,27.22175217
"[1, 0, 3, 7, 7, 2, 4, 4, 6, 7, 4, 7, 2, 6, 6, 1, 6, 1, 1, 3, 4, 0, 1, 4, 6, 1, 0, 4]",28.3000145,30.27674484
"[4, 4, 7, 0, 5, 1, 0, 7, 1, 6, 7, 1, 3, 1, 7, 5, 6, 3, 7, 3, 4, 4, 7, 7, 4, 3, 1, 7]",26.00890732,26.209692
"[1, 7, 2, 2, 3, 7, 4, 3, 4, 7, 7, 2, 6, 5, 6, 1, 1, 2, 4, 6, 1, 4, 6, 3, 4, 3, 6, 4]",25.76191902,25.30363464
"[7, 6, 2, 1, 6, 2, 4, 2, 2, 6, 1, 6, 3, 0, 3, 5, 5, 0, 5, 1, 4, 7, 5, 3, 5, 5, 4, 3]",12.10448265,12.19120026
"[2, 5, 2, 6, 7, 7, 7, 4, 4, 2, 5, 4, 3, 3, 1, 4, 0, 2, 0, 6, 5, 1, 0, 2, 7, 7, 2, 6]",23.41710663,24.84259033
"[5, 0, 7, 6, 7, 2, 1, 1, 1, 1, 7, 6, 4, 3, 5, 3, 5, 3, 2, 5, 2, 3, 0, 7, 7, 3, 4, 0]",22.02694511,24.19217682
"[4, 5, 0, 3, 4, 6, 7, 3, 2, 2, 6, 0, 7, 6, 4, 3, 3, 5, 2, 5, 1, 6, 6, 6, 7, 5, 1, 0]",24.56849098,19.80918312
"[7, 6, 0, 4, 3, 1, 6, 0, 2, 1, 5, 7, 6, 5, 7, 5, 5, 0, 7, 6, 5, 0, 5, 5, 4, 6, 1, 4]",26.46926117,25.03388023
"[2, 1, 4, 1, 5, 0, 0, 6, 7, 0, 0, 1, 4, 0, 7, 7, 3, 5, 3, 2, 2, 6, 1, 6, 3, 1, 3, 6]",26.16823006,27.60387039
"[4, 5, 1, 5, 0, 3, 3, 1, 2, 7, 0, 4, 1, 2, 7, 4, 4, 2, 6, 4, 1, 6, 1, 4, 5, 1, 5, 4]",28.29754639,16.60958862
"[0, 4, 2, 4, 2, 4, 5, 3, 5, 2, 0, 6, 0, 4, 6, 0, 0, 1, 5, 6, 6, 5, 2, 4, 7, 2, 2, 6]",32.61634827,32.58351898
"[4, 3, 0, 7, 4, 2, 2, 7, 2, 2, 2, 5, 2, 1, 6, 3, 3, 6, 6, 5, 7, 6, 7, 5, 6, 4, 6, 5]",32.36184692,31.79635811
"[7, 2, 7, 4, 1, 0, 1, 2, 5, 1, 7, 4, 6, 0, 5, 3, 2, 0, 2, 5, 3, 2, 7, 5, 6, 5, 5, 6]",33.28111649,33.05794144
"[3, 6, 6, 5, 1, 0, 4, 1, 0, 4, 4, 2, 3, 6, 2, 7, 2, 0, 7, 3, 4, 3, 6, 0, 3, 2, 0, 1]",32.94226456,32.98223495
"[7, 7, 6, 6, 4, 1, 7, 4, 3, 1, 6, 7, 2, 5, 5, 1, 7, 5, 2, 7, 5, 4, 4, 6, 5, 1, 0, 1]",33.39072418,33.43018341
"[4, 5, 7, 3, 4, 7, 5, 3, 2, 4, 4, 5, 0, 2, 1, 5, 0, 0, 6, 5, 0, 4, 6, 6, 2, 5, 2, 5]",28.10546875,27.50669861
"[0, 6, 6, 0, 4, 3, 3, 5, 5, 6, 3, 6, 6, 1, 3, 3, 0, 2, 3, 1, 5, 3, 6, 5, 7, 3, 0, 4]",28.24481392,29.00373077
"[4, 1, 1, 3, 2, 4, 6, 4, 2, 5, 2, 2, 3, 3, 4, 3, 6, 6, 3, 7, 5, 4, 1, 6, 0, 7, 0, 1]",32.93909073,32.90930557
"[3, 5, 4, 2, 1, 6, 3, 6, 3, 5, 7, 2, 3, 3, 2, 4, 1, 0, 4, 6, 0, 0, 7, 0, 2, 1, 4, 7]",33.56176376,32.95599747
"[6, 3, 7, 7, 7, 1, 5, 7, 5, 5, 3, 0, 1, 1, 5, 4, 3, 1, 0, 2, 3, 6, 4, 0, 5, 1, 5, 6]",33.13083267,27.78399658
"[5, 0, 2, 1, 5, 2, 1, 1, 1, 6, 3, 5, 2, 3, 0, 0, 0, 1, 4, 3, 2, 1, 1, 5, 0, 7, 1, 6]",32.6876564,33.14564896
"[7, 5, 1, 1, 6, 7, 0, 3, 0, 7, 0, 1, 6, 7, 7, 6, 4, 7, 4, 0, 2, 6, 1, 0, 4, 5, 5, 4]",33.57417297,33.93759918
"[2, 3, 7, 5, 4, 1, 2, 7, 5, 5, 2, 4, 0, 4, 2, 3, 1, 1, 6, 0, 6, 3, 5, 3, 1, 5, 3, 1]",28.36282921,28.85071754
"[0, 1, 5, 7, 0, 7, 6, 6, 7, 6, 7, 3, 4, 0, 1, 2, 7, 4, 3, 0, 5, 5, 6, 2, 1, 7, 4, 7]",33.39886475,32.8907814
"[6, 2, 0, 6, 5, 0, 1, 3, 4, 1, 5, 4, 4, 5, 4, 2, 1, 5, 6, 1, 7, 7, 4, 1, 3, 5, 3, 6]",27.97376633,27.21681595
"[7, 7, 4, 2, 2, 3, 3, 7, 5, 0, 6, 0, 1, 6, 3, 4, 2, 4, 2, 0, 0, 5, 0, 1, 0, 1, 1, 2]",33.56646347,34.23544693
"[3, 3, 4, 2, 2, 0, 1, 2, 6, 4, 1, 4, 2, 2, 3, 7, 6, 1, 1, 5, 3, 2, 3, 0, 4, 0, 6, 6]",32.64143753,31.27280235
"[5, 0, 1, 3, 1, 0, 0, 1, 3, 2, 1, 3, 2, 6, 2, 4, 1, 4, 0, 6, 7, 2, 0, 5, 1, 5, 5, 4]",33.10073471,33.41341019
"[1, 7, 5, 4, 1, 0, 1, 4, 1, 6, 3, 1, 7, 3, 3, 4, 3, 4, 3, 0, 1, 1, 0, 2, 3, 6, 3, 3]",30.29132462,32.71899033
"[4, 4, 1, 5, 6, 6, 5, 2, 0, 3, 7, 4, 4, 0, 0, 6, 7, 6, 1, 1, 4, 2, 2, 7, 1, 1, 7, 2]",33.59415436,33.59460068
"[3, 0, 5, 5, 3, 7, 2, 6, 3, 0, 7, 5, 0, 0, 5, 6, 4, 1, 1, 6, 7, 0, 3, 0, 0, 1, 4, 3]",inf,31.11898232
"[4, 7, 0, 4, 0, 6, 5, 4, 1, 1, 1, 7, 1, 1, 7, 0, 4, 3, 2, 4, 2, 6, 3, 2, 5, 7, 1, 6]",32.26944351,32.42825317
"[3, 5, 3, 4, 0, 2, 5, 6, 0, 5, 5, 6, 2, 2, 2, 7, 2, 0, 6, 6, 1, 1, 2, 7, 0, 2, 4, 2]",inf,32.45167923
"[2, 7, 3, 4, 7, 6, 0, 2, 5, 2, 7, 7, 1, 1, 0, 0, 4, 7, 1, 6, 5, 0, 3, 0, 5, 2, 1, 5]",33.13309479,33.64671326
"[7, 0, 7, 3, 5, 0, 3, 6, 2, 0, 0, 6, 0, 2, 2, 4, 4, 2, 1, 1, 4, 2, 5, 0, 6, 4, 5, 7]",32.66374969,33.20503235
"[0, 1, 7, 2, 0, 2, 4, 1, 6, 6, 3, 4, 1, 6, 1, 7, 0, 1, 3, 5, 6, 7, 7, 5, 5, 3, 6, 5]",28.30041885,28.74834251
"[7, 2, 4, 1, 3, 1, 7, 7, 3, 3, 2, 5, 5, 6, 7, 5, 1, 3, 7, 2, 5, 4, 0, 5, 5, 7, 4, 2]",33.67832565,33.3286171
"[1, 5, 5, 5, 5, 1, 3, 7, 3, 0, 5, 3, 2, 5, 7, 1, 0, 4, 5, 5, 1, 5, 2, 6, 6, 1, 3, 7]",27.2117424,22.45629692
"[4, 0, 2, 0, 2, 3, 4, 2, 3, 7, 0, 1, 2, 1, 0, 5, 4, 2, 1, 5, 4, 3, 4, 1, 3, 6, 1, 0]",32.40342712,27.21681404
"[6, 1, 5, 4, 2, 0, 3, 2, 5, 7, 7, 0, 0, 1, 7, 5, 4, 7, 6, 0, 1, 1, 4, 3, 3, 2, 2, 3]",31.59874535,32.2331543
"[1, 4, 0, 1, 1, 4, 3, 4, 7, 6, 1, 1, 1, 0, 1, 4, 7, 2, 6, 6, 2, 1, 4, 2, 7, 5, 4, 4]",32.74880219,33.11223602
"[2, 2, 7, 3, 3, 6, 5, 5, 6, 1, 0, 7, 5, 7, 7, 6, 1, 2, 4, 0, 5, 3, 7, 7, 7, 7, 4, 3]",33.20685577,33.39270782
"[4, 7, 4, 3, 0, 4, 0, 3, 2, 4, 3, 3, 1, 5, 7, 0, 1, 4, 7, 7, 7, 0, 4, 2, 4, 6, 6, 2]",26.46328163,22.0231781
"[1, 3, 4, 1, 4, 6, 5, 3, 4, 0, 2, 3, 1, 4, 0, 7, 4, 4, 0, 0, 3, 7, 1, 2, 5, 4, 2, 2]",26.07210541,26.7747345
"[4, 3, 4, 1, 2, 2, 1, 3, 2, 1, 1, 0, 0, 7, 2, 3, 7, 3, 4, 4, 7, 1, 7, 5, 7, 3, 4, 4]",29.50427437,26.14163208
"[2, 6, 1, 5, 3, 7, 5, 5, 2, 6, 7, 0, 6, 7, 7, 1, 5, 0, 6, 1, 3, 5, 2, 7, 7, 2, 3, 6]",21.1769619,21.86503792
"[1, 0, 0, 4, 6, 0, 6, 3, 6, 0, 4, 3, 4, 5, 3, 0, 0, 0, 2, 0, 3, 2, 0, 3, 3, 4, 4, 3]",25.59569168,26.37080956
"[7, 1, 0, 4, 2, 4, 2, 5, 1, 5, 1, 0, 3, 2, 4, 1, 4, 0, 3, 1, 1, 6, 4, 2, 0, 3, 7, 1]",inf,21.43639946
"[5, 5, 7, 3, 6, 7, 1, 0, 4, 6, 6, 6, 0, 7, 5, 6, 6, 5, 2, 0, 2, 0, 5, 6, 0, 3, 6, 1]",24.09594727,25.43638229
"[3, 2, 3, 7, 4, 6, 0, 1, 1, 2, 6, 7, 1, 5, 5, 6, 7, 4, 6, 1, 2, 7, 1, 7, 3, 1, 1, 7]",19.83722687,21.28396416
"[3, 5, 4, 3, 6, 7, 2, 1, 7, 3, 1, 3, 3, 1, 2, 7, 4, 0, 6, 4, 6, 7, 3, 3, 4, 0, 2, 5]",12.1087122,12.07670116
"[1, 6, 7, 4, 4, 5, 1, 5, 6, 1, 1, 1, 3, 0, 2, 7, 2, 7, 4, 0, 7, 7, 6, 4, 3, 4, 7, 1]",20.92149544,20.19725418
"[1, 3, 3, 3, 2, 6, 3, 7, 7, 1, 3, 7, 1, 3, 3, 7, 6, 3, 4, 5, 4, 1, 7, 0, 5, 0, 0, 6]",22.19271278,22.68925858
"[6, 3, 7, 3, 1, 3, 4, 5, 4, 7, 0, 5, 4, 4, 5, 7, 1, 0, 6, 5, 0, 7, 1, 1, 4, 0, 4, 7]",24.47149086,26.68758583
"[5, 2, 4, 3, 5, 0, 4, 3, 7, 5, 3, 3, 6, 0, 0, 7, 5, 2, 7, 2, 5, 5, 3, 5, 6, 2, 4, 6]",21.34855461,22.55239487
"[1, 0, 6, 3, 3, 4, 4, 0, 6, 5, 7, 1, 2, 2, 3, 7, 4, 4, 2, 2, 3, 7, 6, 0, 5, 5, 6, 2]",23.42702484,24.27241516
"[2, 6, 0, 0, 0, 5, 6, 3, 0, 4, 6, 0, 0, 2, 1, 0, 4, 2, 5, 0, 7, 2, 6, 2, 1, 7, 3, 5]",25.12989998,26.09916496
"[7, 0, 2, 7, 3, 0, 5, 4, 6, 3, 7, 6, 6, 4, 1, 4, 7, 6, 2, 3, 4, 2, 6, 5, 3, 1, 2, 4]",22.16345596,22.49686623
"[4, 7, 5, 7, 0, 4, 4, 0, 7, 1, 7, 0, 1, 5, 3, 3, 3, 5, 0, 6, 0, 4, 0, 6, 2, 1, 7, 1]",24.57299995,26.3815136
"[0, 5, 7, 0, 7, 4, 4, 6, 5, 5, 0, 4, 6, 5, 3, 2, 5, 5, 5, 6, 6, 7, 2, 5, 7, 4, 4, 1]",23.95848274,23.51461792
"[3, 2, 6, 7, 3, 1, 2, 0, 7, 7, 3, 7, 2, 6, 3, 2, 0, 7, 2, 7, 2, 0, 0, 3, 1, 6, 4, 0]",5.36672163,5.395335197
"[6, 3, 1, 3, 4, 7, 5, 7, 1, 7, 0, 4, 4, 4, 5, 7, 7, 0, 0, 3, 4, 3, 1, 0, 2, 7, 7, 7]",25.01304245,26.20515633
"[1, 1, 4, 7, 3, 3, 1, 4, 4, 3, 2, 0, 4, 4, 6, 5, 3, 7, 1, 7, 7, 1, 7, 5, 7, 7, 5, 0]",30.81478119,30.47548103
"[4, 4, 4, 5, 0, 5, 1, 7, 4, 1, 5, 0, 3, 5, 3, 7, 4, 1, 1, 6, 7, 2, 7, 1, 4, 3, 7, 6]",22.95616913,24.28296852
"[2, 6, 2, 2, 1, 3, 6, 5, 2, 2, 4, 5, 4, 2, 4, 3, 4, 6, 4, 1, 7, 7, 1, 7, 0, 5, 2, 1]",21.598526,23.09537697
"[4, 1, 5, 2, 5, 1, 6, 1, 6, 3, 4, 4, 1, 7, 5, 6, 1, 2, 2, 7, 6, 7, 6, 2, 7, 5, 4, 7]",21.53448486,21.94961929
"[7, 0, 3, 5, 7, 1, 0, 2, 6, 4, 5, 0, 7, 5, 2, 6, 0, 7, 6, 0, 3, 3, 7, 7, 6, 4, 6, 1]",22.16393852,22.72857666
"[7, 3, 0, 4, 7, 2, 6, 5, 2, 0, 4, 1, 7, 2, 3, 4, 7, 3, 6, 2, 3, 5, 3, 7, 6, 3, 5, 0]",22.60571671,22.53740692
